9-95729,http://tshop.r10s.jp/clover8888/cabinet/01396666/img56245898.gif?fitin=700:700,4812.0000,,花・ガーデン・DIY > 住宅建材・設備 > キッチン用設備 > その他,###クリナップ フラットスリムレンジフード 部材【EBJRM60GBFZ】ラクエラシリーズ 専用化粧幕板 単色(グレー) 間口60cm 受注約2週,換気扇\クリナップ,"<font size=""4"">在庫状況：</font><font size=""4"" color=""#ff00ff""><b>受注生産品</b>(納期約2週間)</font><br><br><font size=""4"" color=""""><b>※こちらの商品は代引きでのお取り扱いはできません。ご入金確認後のお手配です。</b></font><br><br><center><img alt="""" src=""http://image.rakuten.co.jp/clover8888/cabinet/youki/heads-up.jpg""  border=""0"" width=""579"">
</p>
<p align=""center""></p></center>
<p align=""center""><img src=""http://image.rakuten.co.jp/clover8888/cabinet/ayaka10/cloverzu.jpg"" border=""0""></p>",###クリナップ フラットスリムレンジフード 部材【EBJRM60GBFZ】ラクエラシリーズ 専用化粧幕板 単色(グレー) 間口60cm 受注約2週：家電と住設のイークローバー,三菱　換気扇ナショナル　換気扇東芝　換気扇ＩＨクッキングヒ&minus;タ&minus;リンナイ　ガスコンロパッケ&minus;ジエアコン業務用エアコン　通販井戸ポンプ　通販ナショナル　エコキュ&minus;ト三菱　エコキュ&minus;トダイキン　エコキュ&minus;トコロナ　エコキュ&minus;トコロナ　通販コロナ　暖房器ＴＯＴＯ　通販ガス給湯器　通販石油給湯器　通販ハンドドライヤ&minus;　通販電気温水器　通販クロ&minus;バ&minus;###クリナップ フラットスリムレンジフード 部材【EBJRM60GBFZ】ラクエラシリーズ 専用化粧幕板 単色(グレー) 間口60cm 受注約2週,換気扇\クリナップ。###クリナップ フラットスリムレンジフード 部材【EBJRM60GBFZ】ラクエラシリーズ 専用化粧幕板 単色(グレー) 間口60cm 受注約2週[rn]
9-95730,http://tshop.r10s.jp/clover8888/cabinet/01396666/img56245898.gif?fitin=700:700,5292.8000,,花・ガーデン・DIY > 住宅建材・設備 > キッチン用設備 > その他,###クリナップ フラットスリムレンジフード 部材【ZRYZZNBM46FSZ-E】ラクエラシリーズ 化粧幕板用横幕板 高さ50cm用 受注約2週,換気扇\クリナップ,"<font size=""4"">在庫状況：</font><font size=""4"" color=""#ff00ff""><b>受注生産品</b>(納期約2週間)</font><br><br><font size=""4"" color=""""><b>※こちらの商品は代引きでのお取り扱いはできません。ご入金確認後のお手配です。</b></font><br><br><center><img alt="""" src=""http://image.rakuten.co.jp/clover8888/cabinet/youki/heads-up.jpg""  border=""0"" width=""579"">
</p>
<p align=""center""></p></center>
<p align=""center""><img src=""http://image.rakuten.co.jp/clover8888/cabinet/ayaka10/cloverzu.jpg"" border=""0""></p>",###クリナップ フラットスリムレンジフード 部材【ZRYZZNBM46FSZ-E】ラクエラシリーズ 化粧幕板用横幕板 高さ50cm用 受注約2週：家電と住設のイークローバー,三菱　換気扇ナショナル　換気扇東芝　換気扇ＩＨクッキングヒ&minus;タ&minus;リンナイ　ガスコンロパッケ&minus;ジエアコン業務用エアコン　通販井戸ポンプ　通販ナショナル　エコキュ&minus;ト三菱　エコキュ&minus;トダイキン　エコキュ&minus;トコロナ　エコキュ&minus;トコロナ　通販コロナ　暖房器ＴＯＴＯ　通販ガス給湯器　通販石油給湯器　通販ハンドドライヤ&minus;　通販電気温水器　通販クロ&minus;バ&minus;###クリナップ フラットスリムレンジフード 部材【ZRYZZNBM46FSZ-E】ラクエラシリーズ 化粧幕板用横幕板 高さ50cm用 受注約2週,換気扇\クリナップ。###クリナップ フラットスリムレンジフード 部材【ZRYZZNBM46FSZ-E】ラクエラシリーズ 化粧幕板用横幕板 高さ50cm用 受注約2週[rn]
9-95731,http://tshop.r10s.jp/clover8888/cabinet/youki7/rh-60hdke.jpg?fitin=700:700,27708.8000,,花・ガーデン・DIY > 住宅建材・設備 > キッチン用設備 > その他,###クリナップ 平型レンジフード【RH-60HDKE】(ブラック) ラクエラシリーズ シロッコファン 間口60cm (本体のみ) 受注約2週,換気扇\クリナップ,"<font size=""4"">在庫状況：</font><font size=""4"" color=""#ff00ff""><b>受注生産品</b>(納期約2週間)</font><br><br>
<font size=""4"" color=""""><b>※こちらの商品はメーカー直送品となります。ご入金確認後のお手配です。</b></font><br>
<br><font size=""4""><b>●画像は代表型番のイメージになります。<br>型番通りの手配になりますので（色・形等）確認の上ご注文下さい。</b></font><br><font size=""4""><b>※幕板別売</b></font><br>梁のある空間や角ダクト穴など、旧式設備のリフォームにも対応できます<br>壁付け給気電動シャッター連動端子付き<br>
排気電動シャッター連動端子付き<br><center><img alt="""" src=""http://image.rakuten.co.jp/clover8888/cabinet/youki/heads-up.jpg""  border=""0"" width=""579"">
</p>
<p align=""center""></p></center>
<p align=""center""><img src=""http://image.rakuten.co.jp/clover8888/cabinet/ayaka10/cloverzu.jpg"" border=""0""></p>",###クリナップ 平型レンジフード【RH-60HDKE】(ブラック) ラクエラシリーズ シロッコファン 間口60cm (本体のみ) 受注約2週：家電と住設のイークローバー,三菱　換気扇ナショナル　換気扇東芝　換気扇ＩＨクッキングヒ&minus;タ&minus;リンナイ　ガスコンロパッケ&minus;ジエアコン業務用エアコン　通販井戸ポンプ　通販ナショナル　エコキュ&minus;ト三菱　エコキュ&minus;トダイキン　エコキュ&minus;トコロナ　エコキュ&minus;トコロナ　通販コロナ　暖房器ＴＯＴＯ　通販ガス給湯器　通販石油給湯器　通販ハンドドライヤ&minus;　通販電気温水器　通販クロ&minus;バ&minus;###クリナップ 平型レンジフード【RH-60HDKE】(ブラック) ラクエラシリーズ シロッコファン 間口60cm (本体のみ) 受注約2週,換気扇\クリナップ。###クリナップ 平型レンジフード【RH-60HDKE】(ブラック) ラクエラシリーズ シロッコファン 間口60cm (本体のみ) 受注約2週[rn]
9-95732,http://tshop.r10s.jp/clover8888/cabinet/youki7/zrp60nbb12fsz-e.jpg?fitin=700:700,17672.8000,,花・ガーデン・DIY > 住宅建材・設備 > キッチン用設備 > その他,###クリナップ 深型レンジフード【ZRP75NBB12FSZ-E】(シルバー) ラクエラシリーズ プロペラファン 高さ60cm 間口75cm (本体のみ) 受注約2週,換気扇\クリナップ,"<font size=""4"">在庫状況：</font><font size=""4"" color=""#ff00ff""><b>受注生産品</b>(納期約2週間)</font><br><br>
<font size=""4"" color=""""><b>※こちらの商品はメーカー直送品となります。ご入金確認後のお手配です。</b></font><br>
<br><font size=""4""><b>●画像は代表型番のイメージになります。<br>型番通りの手配になりますので（色・形等）確認の上ご注文下さい。</b></font><br><font size=""4""><b>※幕板別売</b></font><br>手元を明るく照らす照明付きです。<br><center><img alt="""" src=""http://image.rakuten.co.jp/clover8888/cabinet/youki/heads-up.jpg""  border=""0"" width=""579"">
</p>
<p align=""center""></p></center>
<p align=""center""><img src=""http://image.rakuten.co.jp/clover8888/cabinet/ayaka10/cloverzu.jpg"" border=""0""></p>",###クリナップ 深型レンジフード【ZRP75NBB12FSZ-E】(シルバー) ラクエラシリーズ プロペラファン 高さ60cm 間口75cm (本体のみ) 受注約2週：家電と住設のイークローバー,三菱　換気扇ナショナル　換気扇東芝　換気扇ＩＨクッキングヒ&minus;タ&minus;リンナイ　ガスコンロパッケ&minus;ジエアコン業務用エアコン　通販井戸ポンプ　通販ナショナル　エコキュ&minus;ト三菱　エコキュ&minus;トダイキン　エコキュ&minus;トコロナ　エコキュ&minus;トコロナ　通販コロナ　暖房器ＴＯＴＯ　通販ガス給湯器　通販石油給湯器　通販ハンドドライヤ&minus;　通販電気温水器　通販クロ&minus;バ&minus;###クリナップ 深型レンジフード【ZRP75NBB12FSZ-E】(シルバー) ラクエラシリーズ プロペラファン 高さ60cm 間口75cm (本体のみ) 受注約2週,換気扇\クリナップ。###クリナップ 深型レンジフード【ZRP75NBB12FSZ-E】(シルバー) ラクエラシリーズ プロペラファン 高さ60cm 間口75cm (本体のみ) 受注約2週[rn]
9-95733,http://tshop.r10s.jp/ii-sakura/cabinet/youki4/skh300lmrap.jpg?fitin=700:700,175356.0000,,花・ガーデン・DIY > 住宅建材・設備 > トイレ用設備 > その他,###TOTO 幼児用マルチシンク セット品番【SKH300LMAS】キャビネット:ミルベージュ 500サイズ・立水栓 壁給水 床排水,TOTOおすすめ品\キッズトイレスペース,"<font size=""4"" color=""""><b>※こちらの商品はご入金確認後のお手配です。代引きでのお取り扱いはできません。</b></font><br><br>
●セット内容<br>・陶器部<br>・キャビネット部 ミルベージュ 高さ500mm<br>・給水栓 立水栓 <br>・給水金具(止水栓 (壁) 、フレキホース連結管)<br>・排水金具(床)<br>※SR2パステルピンクは受注生産品の為、納期約2週となっております。<br>
※幼児用マルチシンクは、必ずキャビネットとセットで設置してください。<br><br>●画像はイメージ画像となります。ご注文の際は、型番、色、寸法等お確かめの上ご注文ください。 <br><!--
<br>
<img src=""http://image.rakuten.co.jp/ii-sakura/cabinet/img59761114.jpg"" border=""0""><br>
-->
<br>
<img src=""http://image.rakuten.co.jp/ii-sakura/cabinet/youki8/sakura-meker.jpg"" border=""0""><br>
<br>
<br>
</p>",###TOTO 幼児用マルチシンク セット品番【SKH300LMAS】キャビネット:ミルベージュ 500サイズ・立水栓 壁給水 床排水：あいあいショップさくら,###TOTO 幼児用マルチシンク セット品番【SKH300LMAS】キャビネット:ミルベージュ 500サイズ・立水栓 壁給水 床排水,TOTOおすすめ品\キッズトイレスペース。###TOTO 幼児用マルチシンク セット品番【SKH300LMAS】キャビネット:ミルベージュ 500サイズ・立水栓 壁給水 床排水[rn]
9-95734,http://tshop.r10s.jp/ii-sakura/cabinet/kotomi4/tefv10yuh.jpg?fitin=700:700,68946.4000,,花・ガーデン・DIY > 住宅建材・設備 > トイレ用設備 > その他,TOTO【TEFV10YUH】幼児用大便器 給水部 オートクリーンCコンビネーションタイプ,TOTOおすすめ品\キッズトイレスペース,"<br><br><!--
<br>
<img src=""http://image.rakuten.co.jp/ii-sakura/cabinet/img59761114.jpg"" border=""0""><br>
-->
<br>
<img src=""http://image.rakuten.co.jp/ii-sakura/cabinet/youki8/sakura-meker.jpg"" border=""0""><br>
<br>
<br>
</p>",TOTO【TEFV10YUH】幼児用大便器 給水部 オートクリーンCコンビネーションタイプ：あいあいショップさくら,TOTO【TEFV10YUH】幼児用大便器 給水部 オートクリーンCコンビネーションタイプ,TOTOおすすめ品\キッズトイレスペース。TOTO【TEFV10YUH】幼児用大便器 給水部 オートクリーンCコンビネーションタイプ[rn]
9-95735,http://tshop.r10s.jp/ii-sakura/cabinet/youki4/skl300lmap.jpg?fitin=700:700,347909.6000,,花・ガーデン・DIY > 住宅建材・設備 > トイレ用設備 > その他,###TOTO 幼児用マルチシンク セット品番【SKL300LMRBS】キャビネット:ミルベージュ 500サイズ・幼児用レバー水栓 電気温水器あり 床給水 床排水,TOTOおすすめ品\キッズトイレスペース,"<font size=""4"" color=""""><b>※こちらの商品はメーカー直送品となります。こちらの商品は代引きでのお取り引きができません、ご入金確認後のお手配になります。</b></font><br><br>●セット内容<br>・陶器部<br>・キャビネット部 ミルベージュ 高さ500mm<br>・給水栓 幼児用レバー水栓 <br>・電気温水器(本体、排水ホッパー) <br>・給水金具(止水栓 (床) 、フレキホース連結管)<br>・排水金具(床)<br>※SR2パステルピンクは受注生産品の為、納期約2週となっております。<br>
※幼児用マルチシンクは、必ずキャビネットとセットで設置してください。<br><br>●画像はイメージ画像となります。ご注文の際は、型番、色、寸法等お確かめの上ご注文ください。 <br><br><br>※配送はドライバー1人となります。大型商品の為荷下ろしの際にお客様のお手伝いが必要になります<br><br>
<br><br><img alt=""直送についてのご注意"" src=""http://image.rakuten.co.jp/ii-sakura/cabinet/tyokusou20143.jpg"" width=""200"" border=""0""><br><br><!--
<br>
<img src=""http://image.rakuten.co.jp/ii-sakura/cabinet/img59761114.jpg"" border=""0""><br>
-->
<br>
<img src=""http://image.rakuten.co.jp/ii-sakura/cabinet/youki8/sakura-meker.jpg"" border=""0""><br>
<br>
<br>
</p>",###TOTO 幼児用マルチシンク セット品番【SKL300LMRBS】キャビネット:ミルベージュ 500サイズ・幼児用レバー水栓 電気温水器あり 床給水 床排水：あいあいショップさくら,###TOTO 幼児用マルチシンク セット品番【SKL300LMRBS】キャビネット:ミルベージュ 500サイズ・幼児用レバー水栓 電気温水器あり 床給水 床排水,TOTOおすすめ品\キッズトイレスペース。###TOTO 幼児用マルチシンク セット品番【SKL300LMRBS】キャビネット:ミルベージュ 500サイズ・幼児用レバー水栓 電気温水器あり 床給水 床排水[rn]
9-95736,http://tshop.r10s.jp/ii-sakura/cabinet/youki4/skh300lwrap.jpg?fitin=700:700,320943.2000,,花・ガーデン・DIY > 住宅建材・設備 > トイレ用設備 > その他,###TOTO 幼児用マルチシンク セット品番【SKH300HWRAS】キャビネット:ホワイト 600サイズ・立水栓 電気温水器あり 壁給水 床排水,TOTOおすすめ品\キッズトイレスペース,"<font size=""4"" color=""""><b>※こちらの商品はメーカー直送品となります。こちらの商品は代引きでのお取り引きができません、ご入金確認後のお手配になります。</b></font><br><br>●セット内容<br>・陶器部<br>・キャビネット部 カラー：ホワイト 高さ600mm<br>・給水栓 立水栓 <br>・電気温水器(本体、排水ホッパー) <br>・給水金具(止水栓 (壁) 、フレキホース連結管)<br>・排水金具(床)<br>※SR2パステルピンクは受注生産品の為、納期約2週となっております。<br>
※幼児用マルチシンクは、必ずキャビネットとセットで設置してください。<br><br>●画像はイメージ画像となります。ご注文の際は、型番、色、寸法等お確かめの上ご注文ください。 <br><br><br>※配送はドライバー1人となります。大型商品の為荷下ろしの際にお客様のお手伝いが必要になります<br><br>
<br><br><img alt=""直送についてのご注意"" src=""http://image.rakuten.co.jp/ii-sakura/cabinet/tyokusou20143.jpg"" width=""200"" border=""0""><br><br><!--
<br>
<img src=""http://image.rakuten.co.jp/ii-sakura/cabinet/img59761114.jpg"" border=""0""><br>
-->
<br>
<img src=""http://image.rakuten.co.jp/ii-sakura/cabinet/youki8/sakura-meker.jpg"" border=""0""><br>
<br>
<br>
</p>",###TOTO 幼児用マルチシンク セット品番【SKH300HWRAS】キャビネット:ホワイト 600サイズ・立水栓 電気温水器あり 壁給水 床排水：あいあいショップさくら,###TOTO 幼児用マルチシンク セット品番【SKH300HWRAS】キャビネット:ホワイト 600サイズ・立水栓 電気温水器あり 壁給水 床排水,TOTOおすすめ品\キッズトイレスペース。###TOTO 幼児用マルチシンク セット品番【SKH300HWRAS】キャビネット:ホワイト 600サイズ・立水栓 電気温水器あり 壁給水 床排水[rn]
9-95737,http://tshop.r10s.jp/ii-sakura/cabinet/youki4/skl300lmap.jpg?fitin=700:700,348904.0000,,花・ガーデン・DIY > 住宅建材・設備 > トイレ用設備 > その他,###TOTO 幼児用マルチシンク セット品番【SKL300HMRAP】キャビネット:ミルベージュ 600サイズ・幼児用レバー水栓 電気温水器あり 壁給水 壁排水,TOTOおすすめ品\キッズトイレスペース,"<font size=""4"" color=""""><b>※こちらの商品はメーカー直送品となります。こちらの商品は代引きでのお取り引きができません、ご入金確認後のお手配になります。</b></font><br><br>●セット内容<br>・陶器部<br>・キャビネット部 ミルベージュ 高さ600mm<br>・給水栓 幼児用レバー水栓 <br>・電気温水器(本体、排水ホッパー) <br>・給水金具(止水栓 (壁) 、フレキホース連結管)<br>・排水金具(壁)<br>※SR2パステルピンクは受注生産品の為、納期約2週となっております。<br>
※幼児用マルチシンクは、必ずキャビネットとセットで設置してください。<br><br>●画像はイメージ画像となります。ご注文の際は、型番、色、寸法等お確かめの上ご注文ください。 <br><br><br>※配送はドライバー1人となります。大型商品の為荷下ろしの際にお客様のお手伝いが必要になります<br><br>
<br><br><img alt=""直送についてのご注意"" src=""http://image.rakuten.co.jp/ii-sakura/cabinet/tyokusou20143.jpg"" width=""200"" border=""0""><br><br><!--
<br>
<img src=""http://image.rakuten.co.jp/ii-sakura/cabinet/img59761114.jpg"" border=""0""><br>
-->
<br>
<img src=""http://image.rakuten.co.jp/ii-sakura/cabinet/youki8/sakura-meker.jpg"" border=""0""><br>
<br>
<br>
</p>",###TOTO 幼児用マルチシンク セット品番【SKL300HMRAP】キャビネット:ミルベージュ 600サイズ・幼児用レバー水栓 電気温水器あり 壁給水 壁排水：あいあいショップさくら,###TOTO 幼児用マルチシンク セット品番【SKL300HMRAP】キャビネット:ミルベージュ 600サイズ・幼児用レバー水栓 電気温水器あり 壁給水 壁排水,TOTOおすすめ品\キッズトイレスペース。###TOTO 幼児用マルチシンク セット品番【SKL300HMRAP】キャビネット:ミルベージュ 600サイズ・幼児用レバー水栓 電気温水器あり 壁給水 壁排水[rn]
9-95738,http://tshop.r10s.jp/ii-sakura/cabinet/youki4/skh300lwrap.jpg?fitin=700:700,174234.4000,,花・ガーデン・DIY > 住宅建材・設備 > トイレ用設備 > その他,###TOTO 幼児用マルチシンク セット品番【SKH300LWAP】キャビネット:ホワイト 500サイズ・立水栓 壁給水 壁排水,TOTOおすすめ品\キッズトイレスペース,"<font size=""4"" color=""""><b>※こちらの商品はご入金確認後のお手配です。代引きでのお取り扱いはできません。</b></font><br><br>
●セット内容<br>・陶器部<br>・キャビネット部 カラー：ホワイト 高さ500mm<br>・給水栓 立水栓 <br>・給水金具(止水栓 (壁) 、フレキホース連結管)<br>・排水金具(壁)<br>※SR2パステルピンクは受注生産品の為、納期約2週となっております。<br>
※幼児用マルチシンクは、必ずキャビネットとセットで設置してください。<br><br>●画像はイメージ画像となります。ご注文の際は、型番、色、寸法等お確かめの上ご注文ください。 <br><!--
<br>
<img src=""http://image.rakuten.co.jp/ii-sakura/cabinet/img59761114.jpg"" border=""0""><br>
-->
<br>
<img src=""http://image.rakuten.co.jp/ii-sakura/cabinet/youki8/sakura-meker.jpg"" border=""0""><br>
<br>
<br>
</p>",###TOTO 幼児用マルチシンク セット品番【SKH300LWAP】キャビネット:ホワイト 500サイズ・立水栓 壁給水 壁排水：あいあいショップさくら,###TOTO 幼児用マルチシンク セット品番【SKH300LWAP】キャビネット:ホワイト 500サイズ・立水栓 壁給水 壁排水,TOTOおすすめ品\キッズトイレスペース。###TOTO 幼児用マルチシンク セット品番【SKH300LWAP】キャビネット:ホワイト 500サイズ・立水栓 壁給水 壁排水[rn]
9-95739,http://tshop.r10s.jp/ii-sakura/cabinet/youki4/skh300lwrap.jpg?fitin=700:700,317298.4000,,花・ガーデン・DIY > 住宅建材・設備 > トイレ用設備 > その他,###TOTO 幼児用マルチシンク セット品番【SKH300LWRBP】キャビネット:ホワイト 500サイズ・立水栓 電気温水器あり 床給水 壁排水,TOTOおすすめ品\キッズトイレスペース,"<font size=""4"" color=""""><b>※こちらの商品はメーカー直送品となります。こちらの商品は代引きでのお取り引きができません、ご入金確認後のお手配になります。</b></font><br><br>●セット内容<br>・陶器部<br>・キャビネット部 カラー：ホワイト 高さ500mm<br>・給水栓 立水栓 <br>・電気温水器(本体、排水ホッパー) <br>・給水金具(止水栓 (床) 、フレキホース連結管)<br>・排水金具(壁)<br>※SR2パステルピンクは受注生産品の為、納期約2週となっております。<br>
※幼児用マルチシンクは、必ずキャビネットとセットで設置してください。<br><br>●画像はイメージ画像となります。ご注文の際は、型番、色、寸法等お確かめの上ご注文ください。 <br><br><br>※配送はドライバー1人となります。大型商品の為荷下ろしの際にお客様のお手伝いが必要になります<br><br>
<br><br><img alt=""直送についてのご注意"" src=""http://image.rakuten.co.jp/ii-sakura/cabinet/tyokusou20143.jpg"" width=""200"" border=""0""><br><br><!--
<br>
<img src=""http://image.rakuten.co.jp/ii-sakura/cabinet/img59761114.jpg"" border=""0""><br>
-->
<br>
<img src=""http://image.rakuten.co.jp/ii-sakura/cabinet/youki8/sakura-meker.jpg"" border=""0""><br>
<br>
<br>
</p>",###TOTO 幼児用マルチシンク セット品番【SKH300LWRBP】キャビネット:ホワイト 500サイズ・立水栓 電気温水器あり 床給水 壁排水：あいあいショップさくら,###TOTO 幼児用マルチシンク セット品番【SKH300LWRBP】キャビネット:ホワイト 500サイズ・立水栓 電気温水器あり 床給水 壁排水,TOTOおすすめ品\キッズトイレスペース。###TOTO 幼児用マルチシンク セット品番【SKH300LWRBP】キャビネット:ホワイト 500サイズ・立水栓 電気温水器あり 床給水 壁排水[rn]
9-95740,http://tshop.r10s.jp/ii-sakura/cabinet/youki4/skh300lmrap.jpg?fitin=700:700,185704.0000,,花・ガーデン・DIY > 住宅建材・設備 > トイレ用設備 > その他,###TOTO 幼児用マルチシンク セット品番【SKH300HMBS】キャビネット:ミルベージュ 600サイズ・立水栓 床給水 床排水,TOTOおすすめ品\キッズトイレスペース,"<font size=""4"" color=""""><b>※こちらの商品はご入金確認後のお手配です。代引きでのお取り扱いはできません。</b></font><br><br>
●セット内容<br>・陶器部<br>・キャビネット部 ミルベージュ 高さ600mm<br>・給水栓 立水栓 <br>・給水金具(止水栓 (床) 、フレキホース連結管)<br>・排水金具(床)<br>※SR2パステルピンクは受注生産品の為、納期約2週となっております。<br>
※幼児用マルチシンクは、必ずキャビネットとセットで設置してください。<br><br>●画像はイメージ画像となります。ご注文の際は、型番、色、寸法等お確かめの上ご注文ください。 <br><!--
<br>
<img src=""http://image.rakuten.co.jp/ii-sakura/cabinet/img59761114.jpg"" border=""0""><br>
-->
<br>
<img src=""http://image.rakuten.co.jp/ii-sakura/cabinet/youki8/sakura-meker.jpg"" border=""0""><br>
<br>
<br>
</p>",###TOTO 幼児用マルチシンク セット品番【SKH300HMBS】キャビネット:ミルベージュ 600サイズ・立水栓 床給水 床排水：あいあいショップさくら,###TOTO 幼児用マルチシンク セット品番【SKH300HMBS】キャビネット:ミルベージュ 600サイズ・立水栓 床給水 床排水,TOTOおすすめ品\キッズトイレスペース。###TOTO 幼児用マルチシンク セット品番【SKH300HMBS】キャビネット:ミルベージュ 600サイズ・立水栓 床給水 床排水[rn]
9-95741,http://tshop.r10s.jp/ii-sakura/cabinet/youki4/skh300lmrap.jpg?fitin=700:700,174234.4000,,花・ガーデン・DIY > 住宅建材・設備 > トイレ用設備 > その他,###TOTO 幼児用マルチシンク セット品番【SKH300LMAP】キャビネット:ミルベージュ 500サイズ・立水栓 壁給水 壁排水,TOTOおすすめ品\キッズトイレスペース,"<font size=""4"" color=""""><b>※こちらの商品はご入金確認後のお手配です。代引きでのお取り扱いはできません。</b></font><br><br>
●セット内容<br>・陶器部<br>・キャビネット部 ミルベージュ 高さ500mm<br>・給水栓 立水栓 <br>・給水金具(止水栓 (壁) 、フレキホース連結管)<br>・排水金具(壁)<br>※SR2パステルピンクは受注生産品の為、納期約2週となっております。<br>
※幼児用マルチシンクは、必ずキャビネットとセットで設置してください。<br><br>●画像はイメージ画像となります。ご注文の際は、型番、色、寸法等お確かめの上ご注文ください。 <br><!--
<br>
<img src=""http://image.rakuten.co.jp/ii-sakura/cabinet/img59761114.jpg"" border=""0""><br>
-->
<br>
<img src=""http://image.rakuten.co.jp/ii-sakura/cabinet/youki8/sakura-meker.jpg"" border=""0""><br>
<br>
<br>
</p>",###TOTO 幼児用マルチシンク セット品番【SKH300LMAP】キャビネット:ミルベージュ 500サイズ・立水栓 壁給水 壁排水：あいあいショップさくら,###TOTO 幼児用マルチシンク セット品番【SKH300LMAP】キャビネット:ミルベージュ 500サイズ・立水栓 壁給水 壁排水,TOTOおすすめ品\キッズトイレスペース。###TOTO 幼児用マルチシンク セット品番【SKH300LMAP】キャビネット:ミルベージュ 500サイズ・立水栓 壁給水 壁排水[rn]
9-95742,http://tshop.r10s.jp/ii-sakura/cabinet/youki4/skl300lmap.jpg?fitin=700:700,209509.6000,,花・ガーデン・DIY > 住宅建材・設備 > トイレ用設備 > その他,###TOTO 幼児用マルチシンク セット品番【SKL300LMBS】キャビネット:ミルベージュ 500サイズ・幼児用レバー水栓 床給水 床排水,TOTOおすすめ品\キッズトイレスペース,"<font size=""4"" color=""""><b>※こちらの商品はご入金確認後のお手配です。代引きでのお取り扱いはできません。</b></font><br><br>
●セット内容<br>・陶器部<br>・キャビネット部 ミルベージュ 高さ500mm<br>・給水栓 幼児用レバー水栓 <br>・給水金具(止水栓 (床) 、フレキホース連結管)<br>・排水金具(床)<br>※SR2パステルピンクは受注生産品の為、納期約2週となっております。<br>
※幼児用マルチシンクは、必ずキャビネットとセットで設置してください。<br><br>●画像はイメージ画像となります。ご注文の際は、型番、色、寸法等お確かめの上ご注文ください。 <br><!--
<br>
<img src=""http://image.rakuten.co.jp/ii-sakura/cabinet/img59761114.jpg"" border=""0""><br>
-->
<br>
<img src=""http://image.rakuten.co.jp/ii-sakura/cabinet/youki8/sakura-meker.jpg"" border=""0""><br>
<br>
<br>
</p>",###TOTO 幼児用マルチシンク セット品番【SKL300LMBS】キャビネット:ミルベージュ 500サイズ・幼児用レバー水栓 床給水 床排水：あいあいショップさくら,###TOTO 幼児用マルチシンク セット品番【SKL300LMBS】キャビネット:ミルベージュ 500サイズ・幼児用レバー水栓 床給水 床排水,TOTOおすすめ品\キッズトイレスペース。###TOTO 幼児用マルチシンク セット品番【SKL300LMBS】キャビネット:ミルベージュ 500サイズ・幼児用レバー水栓 床給水 床排水[rn]
9-95743,http://tshop.r10s.jp/ii-sakura/cabinet/youki4/skh300lwrap.jpg?fitin=700:700,180224.0000,,花・ガーデン・DIY > 住宅建材・設備 > トイレ用設備 > その他,###TOTO 幼児用マルチシンク セット品番【SKH300LWBS】キャビネット:ホワイト 500サイズ・立水栓 床給水 床排水,TOTOおすすめ品\キッズトイレスペース,"<font size=""4"" color=""""><b>※こちらの商品はご入金確認後のお手配です。代引きでのお取り扱いはできません。</b></font><br><br>
●セット内容<br>・陶器部<br>・キャビネット部 カラー：ホワイト 高さ500mm<br>・給水栓 立水栓 <br>・給水金具(止水栓 (床) 、フレキホース連結管)<br>・排水金具(床)<br>※SR2パステルピンクは受注生産品の為、納期約2週となっております。<br>
※幼児用マルチシンクは、必ずキャビネットとセットで設置してください。<br><br>●画像はイメージ画像となります。ご注文の際は、型番、色、寸法等お確かめの上ご注文ください。 <br><!--
<br>
<img src=""http://image.rakuten.co.jp/ii-sakura/cabinet/img59761114.jpg"" border=""0""><br>
-->
<br>
<img src=""http://image.rakuten.co.jp/ii-sakura/cabinet/youki8/sakura-meker.jpg"" border=""0""><br>
<br>
<br>
</p>",###TOTO 幼児用マルチシンク セット品番【SKH300LWBS】キャビネット:ホワイト 500サイズ・立水栓 床給水 床排水：あいあいショップさくら,###TOTO 幼児用マルチシンク セット品番【SKH300LWBS】キャビネット:ホワイト 500サイズ・立水栓 床給水 床排水,TOTOおすすめ品\キッズトイレスペース。###TOTO 幼児用マルチシンク セット品番【SKH300LWBS】キャビネット:ホワイト 500サイズ・立水栓 床給水 床排水[rn]
9-95744,http://tshop.r10s.jp/ii-sakura/cabinet/youki4/skl300lwrap.jpg?fitin=700:700,351681.6000,,花・ガーデン・DIY > 住宅建材・設備 > トイレ用設備 > その他,###TOTO 幼児用マルチシンク セット品番【SKL300HWRBP】キャビネット:ホワイト 600サイズ・幼児用レバー水栓 電気温水器あり 床給水 壁排水,TOTOおすすめ品\キッズトイレスペース,"<font size=""4"" color=""""><b>※こちらの商品はメーカー直送品となります。こちらの商品は代引きでのお取り引きができません、ご入金確認後のお手配になります。</b></font><br><br>●セット内容<br>・陶器部<br>・キャビネット部 カラー：ホワイト 高さ600mm<br>・給水栓 幼児用レバー水栓 <br>・電気温水器(本体、排水ホッパー) <br>・給水金具(止水栓 (床) 、フレキホース連結管)<br>・排水金具(壁)<br>※SR2パステルピンクは受注生産品の為、納期約2週となっております。<br>
※幼児用マルチシンクは、必ずキャビネットとセットで設置してください。<br><br>●画像はイメージ画像となります。ご注文の際は、型番、色、寸法等お確かめの上ご注文ください。 <br><br><br>※配送はドライバー1人となります。大型商品の為荷下ろしの際にお客様のお手伝いが必要になります<br><br>
<br><br><img alt=""直送についてのご注意"" src=""http://image.rakuten.co.jp/ii-sakura/cabinet/tyokusou20143.jpg"" width=""200"" border=""0""><br><br><!--
<br>
<img src=""http://image.rakuten.co.jp/ii-sakura/cabinet/img59761114.jpg"" border=""0""><br>
-->
<br>
<img src=""http://image.rakuten.co.jp/ii-sakura/cabinet/youki8/sakura-meker.jpg"" border=""0""><br>
<br>
<br>
</p>",###TOTO 幼児用マルチシンク セット品番【SKL300HWRBP】キャビネット:ホワイト 600サイズ・幼児用レバー水栓 電気温水器あり 床給水 壁排水：あいあいショップさくら,###TOTO 幼児用マルチシンク セット品番【SKL300HWRBP】キャビネット:ホワイト 600サイズ・幼児用レバー水栓 電気温水器あり 床給水 壁排水,TOTOおすすめ品\キッズトイレスペース。###TOTO 幼児用マルチシンク セット品番【SKL300HWRBP】キャビネット:ホワイト 600サイズ・幼児用レバー水栓 電気温水器あり 床給水 壁排水[rn]
9-95745,http://tshop.r10s.jp/ii-sakura/cabinet/kotomi4/yyb10.jpg?fitin=700:700,7644.8000,,花・ガーデン・DIY > 住宅建材・設備 > トイレ用設備 > その他,TOTO【YYB10】幼児用手すり 多用途手すりI型,TOTOおすすめ品\キッズトイレスペース,"<br><br><!--
<br>
<img src=""http://image.rakuten.co.jp/ii-sakura/cabinet/img59761114.jpg"" border=""0""><br>
-->
<br>
<img src=""http://image.rakuten.co.jp/ii-sakura/cabinet/youki8/sakura-meker.jpg"" border=""0""><br>
<br>
<br>
</p>",TOTO【YYB10】幼児用手すり 多用途手すりI型：あいあいショップさくら,TOTO【YYB10】幼児用手すり 多用途手すりI型,TOTOおすすめ品\キッズトイレスペース。TOTO【YYB10】幼児用手すり 多用途手すりI型[rn]
9-95746,http://tshop.r10s.jp/ii-sakura/cabinet/youki4/skl300lmap.jpg?fitin=700:700,204845.6000,,花・ガーデン・DIY > 住宅建材・設備 > トイレ用設備 > その他,###TOTO 幼児用マルチシンク セット品番【SKL300LMAS】キャビネット:ミルベージュ 500サイズ・幼児用レバー水栓 壁給水 床排水,TOTOおすすめ品\キッズトイレスペース,"<font size=""4"" color=""""><b>※こちらの商品はご入金確認後のお手配です。代引きでのお取り扱いはできません。</b></font><br><br>
●セット内容<br>・陶器部<br>・キャビネット部 ミルベージュ 高さ500mm<br>・給水栓 幼児用レバー水栓 <br>・給水金具(止水栓 (壁) 、フレキホース連結管)<br>・排水金具(床)<br>※SR2パステルピンクは受注生産品の為、納期約2週となっております。<br>
※幼児用マルチシンクは、必ずキャビネットとセットで設置してください。<br><br>●画像はイメージ画像となります。ご注文の際は、型番、色、寸法等お確かめの上ご注文ください。 <br><!--
<br>
<img src=""http://image.rakuten.co.jp/ii-sakura/cabinet/img59761114.jpg"" border=""0""><br>
-->
<br>
<img src=""http://image.rakuten.co.jp/ii-sakura/cabinet/youki8/sakura-meker.jpg"" border=""0""><br>
<br>
<br>
</p>",###TOTO 幼児用マルチシンク セット品番【SKL300LMAS】キャビネット:ミルベージュ 500サイズ・幼児用レバー水栓 壁給水 床排水：あいあいショップさくら,###TOTO 幼児用マルチシンク セット品番【SKL300LMAS】キャビネット:ミルベージュ 500サイズ・幼児用レバー水栓 壁給水 床排水,TOTOおすすめ品\キッズトイレスペース。###TOTO 幼児用マルチシンク セット品番【SKL300LMAS】キャビネット:ミルベージュ 500サイズ・幼児用レバー水栓 壁給水 床排水[rn]
9-95747,http://tshop.r10s.jp/ii-sakura/cabinet/youki4/skl300lmap.jpg?fitin=700:700,345131.2000,,花・ガーデン・DIY > 住宅建材・設備 > トイレ用設備 > その他,###TOTO 幼児用マルチシンク セット品番【SKL300LMRAS】キャビネット:ミルベージュ 500サイズ・幼児用レバー水栓 電気温水器あり 壁給水 床排水,TOTOおすすめ品\キッズトイレスペース,"<font size=""4"" color=""""><b>※こちらの商品はメーカー直送品となります。こちらの商品は代引きでのお取り引きができません、ご入金確認後のお手配になります。</b></font><br><br>●セット内容<br>・陶器部<br>・キャビネット部 ミルベージュ 高さ500mm<br>・給水栓 幼児用レバー水栓 <br>・電気温水器(本体、排水ホッパー) <br>・給水金具(止水栓 (壁) 、フレキホース連結管)<br>・排水金具(床)<br>※SR2パステルピンクは受注生産品の為、納期約2週となっております。<br>
※幼児用マルチシンクは、必ずキャビネットとセットで設置してください。<br><br>●画像はイメージ画像となります。ご注文の際は、型番、色、寸法等お確かめの上ご注文ください。 <br><br><br>※配送はドライバー1人となります。大型商品の為荷下ろしの際にお客様のお手伝いが必要になります<br><br>
<br><br><img alt=""直送についてのご注意"" src=""http://image.rakuten.co.jp/ii-sakura/cabinet/tyokusou20143.jpg"" width=""200"" border=""0""><br><br><!--
<br>
<img src=""http://image.rakuten.co.jp/ii-sakura/cabinet/img59761114.jpg"" border=""0""><br>
-->
<br>
<img src=""http://image.rakuten.co.jp/ii-sakura/cabinet/youki8/sakura-meker.jpg"" border=""0""><br>
<br>
<br>
</p>",###TOTO 幼児用マルチシンク セット品番【SKL300LMRAS】キャビネット:ミルベージュ 500サイズ・幼児用レバー水栓 電気温水器あり 壁給水 床排水：あいあいショップさくら,###TOTO 幼児用マルチシンク セット品番【SKL300LMRAS】キャビネット:ミルベージュ 500サイズ・幼児用レバー水栓 電気温水器あり 壁給水 床排水,TOTOおすすめ品\キッズトイレスペース。###TOTO 幼児用マルチシンク セット品番【SKL300LMRAS】キャビネット:ミルベージュ 500サイズ・幼児用レバー水栓 電気温水器あり 壁給水 床排水[rn]
9-95748,http://tshop.r10s.jp/ii-sakura/cabinet/youki4/skl300lmap.jpg?fitin=700:700,213664.0000,,花・ガーデン・DIY > 住宅建材・設備 > トイレ用設備 > その他,###TOTO 幼児用マルチシンク セット品番【SKL300HMBP】キャビネット:ミルベージュ 600サイズ・幼児用レバー水栓 床給水 壁排水,TOTOおすすめ品\キッズトイレスペース,"<font size=""4"" color=""""><b>※こちらの商品はご入金確認後のお手配です。代引きでのお取り扱いはできません。</b></font><br><br>
●セット内容<br>・陶器部<br>・キャビネット部 ミルベージュ 高さ600mm<br>・給水栓 幼児用レバー水栓 <br>・給水金具(止水栓 (床) 、フレキホース連結管)<br>・排水金具(壁)<br>※SR2パステルピンクは受注生産品の為、納期約2週となっております。<br>
※幼児用マルチシンクは、必ずキャビネットとセットで設置してください。<br><br>●画像はイメージ画像となります。ご注文の際は、型番、色、寸法等お確かめの上ご注文ください。 <br><!--
<br>
<img src=""http://image.rakuten.co.jp/ii-sakura/cabinet/img59761114.jpg"" border=""0""><br>
-->
<br>
<img src=""http://image.rakuten.co.jp/ii-sakura/cabinet/youki8/sakura-meker.jpg"" border=""0""><br>
<br>
<br>
</p>",###TOTO 幼児用マルチシンク セット品番【SKL300HMBP】キャビネット:ミルベージュ 600サイズ・幼児用レバー水栓 床給水 壁排水：あいあいショップさくら,###TOTO 幼児用マルチシンク セット品番【SKL300HMBP】キャビネット:ミルベージュ 600サイズ・幼児用レバー水栓 床給水 壁排水,TOTOおすすめ品\キッズトイレスペース。###TOTO 幼児用マルチシンク セット品番【SKL300HMBP】キャビネット:ミルベージュ 600サイズ・幼児用レバー水栓 床給水 壁排水[rn]
9-95749,http://tshop.r10s.jp/ii-sakura/cabinet/youki4/skh300lwrap.jpg?fitin=700:700,175356.0000,,花・ガーデン・DIY > 住宅建材・設備 > トイレ用設備 > その他,###TOTO 幼児用マルチシンク セット品番【SKH300LWAS】キャビネット:ホワイト 500サイズ・立水栓 壁給水 床排水,TOTOおすすめ品\キッズトイレスペース,"<font size=""4"" color=""""><b>※こちらの商品はご入金確認後のお手配です。代引きでのお取り扱いはできません。</b></font><br><br>
●セット内容<br>・陶器部<br>・キャビネット部 カラー：ホワイト 高さ500mm<br>・給水栓 立水栓 <br>・給水金具(止水栓 (壁) 、フレキホース連結管)<br>・排水金具(床)<br>※SR2パステルピンクは受注生産品の為、納期約2週となっております。<br>
※幼児用マルチシンクは、必ずキャビネットとセットで設置してください。<br><br>●画像はイメージ画像となります。ご注文の際は、型番、色、寸法等お確かめの上ご注文ください。 <br><!--
<br>
<img src=""http://image.rakuten.co.jp/ii-sakura/cabinet/img59761114.jpg"" border=""0""><br>
-->
<br>
<img src=""http://image.rakuten.co.jp/ii-sakura/cabinet/youki8/sakura-meker.jpg"" border=""0""><br>
<br>
<br>
</p>",###TOTO 幼児用マルチシンク セット品番【SKH300LWAS】キャビネット:ホワイト 500サイズ・立水栓 壁給水 床排水：あいあいショップさくら,###TOTO 幼児用マルチシンク セット品番【SKH300LWAS】キャビネット:ホワイト 500サイズ・立水栓 壁給水 床排水,TOTOおすすめ品\キッズトイレスペース。###TOTO 幼児用マルチシンク セット品番【SKH300LWAS】キャビネット:ホワイト 500サイズ・立水栓 壁給水 床排水[rn]
9-95750,http://tshop.r10s.jp/ii-sakura/cabinet/youki4/skl300lmap.jpg?fitin=700:700,353007.2000,,花・ガーデン・DIY > 住宅建材・設備 > トイレ用設備 > その他,###TOTO 幼児用マルチシンク セット品番【SKL300HMRBS】キャビネット:ミルベージュ 600サイズ・幼児用レバー水栓 電気温水器あり 床給水 床排水,TOTOおすすめ品\キッズトイレスペース,"<font size=""4"" color=""""><b>※こちらの商品はメーカー直送品となります。こちらの商品は代引きでのお取り引きができません、ご入金確認後のお手配になります。</b></font><br><br>●セット内容<br>・陶器部<br>・キャビネット部 ミルベージュ 高さ600mm<br>・給水栓 幼児用レバー水栓 <br>・電気温水器(本体、排水ホッパー) <br>・給水金具(止水栓 (床) 、フレキホース連結管)<br>・排水金具(床)<br>※SR2パステルピンクは受注生産品の為、納期約2週となっております。<br>
※幼児用マルチシンクは、必ずキャビネットとセットで設置してください。<br><br>●画像はイメージ画像となります。ご注文の際は、型番、色、寸法等お確かめの上ご注文ください。 <br><br><br>※配送はドライバー1人となります。大型商品の為荷下ろしの際にお客様のお手伝いが必要になります<br><br>
<br><br><img alt=""直送についてのご注意"" src=""http://image.rakuten.co.jp/ii-sakura/cabinet/tyokusou20143.jpg"" width=""200"" border=""0""><br><br><!--
<br>
<img src=""http://image.rakuten.co.jp/ii-sakura/cabinet/img59761114.jpg"" border=""0""><br>
-->
<br>
<img src=""http://image.rakuten.co.jp/ii-sakura/cabinet/youki8/sakura-meker.jpg"" border=""0""><br>
<br>
<br>
</p>",###TOTO 幼児用マルチシンク セット品番【SKL300HMRBS】キャビネット:ミルベージュ 600サイズ・幼児用レバー水栓 電気温水器あり 床給水 床排水：あいあいショップさくら,###TOTO 幼児用マルチシンク セット品番【SKL300HMRBS】キャビネット:ミルベージュ 600サイズ・幼児用レバー水栓 電気温水器あり 床給水 床排水,TOTOおすすめ品\キッズトイレスペース。###TOTO 幼児用マルチシンク セット品番【SKL300HMRBS】キャビネット:ミルベージュ 600サイズ・幼児用レバー水栓 電気温水器あり 床給水 床排水[rn]
9-95751,http://tshop.r10s.jp/ii-sakura/cabinet/kotomi4/aa130yj1sm.jpg?fitin=700:700,38036.0000,,花・ガーデン・DIY > 住宅建材・設備 > トイレ用設備 > その他,###TOTO【AA130#YJ1L】幼児用マルチシンク ハイドロセラ・ウォール 高さ600用 フリーサイズ大型鏡なし対応 受注生産2週間,TOTOおすすめ品\キッズトイレスペース,"<font size=""4"" color=""#ff00ff""><b>受注生産品</b>(納期約２週間)</font><br><br>
<font size=""4"" color=""""><b>※こちらの商品はご入金確認後のお手配です。代引きでのお取り扱いはできません。</b></font><br><br><!--
<br>
<img src=""http://image.rakuten.co.jp/ii-sakura/cabinet/img59761114.jpg"" border=""0""><br>
-->
<br>
<img src=""http://image.rakuten.co.jp/ii-sakura/cabinet/youki8/sakura-meker.jpg"" border=""0""><br>
<br>
<br>
</p>",###TOTO【AA130#YJ1L】幼児用マルチシンク ハイドロセラ・ウォール 高さ600用 フリーサイズ大型鏡なし対応 受注生産2週間：あいあいショップさくら,###TOTO【AA130#YJ1L】幼児用マルチシンク ハイドロセラ・ウォール 高さ600用 フリーサイズ大型鏡なし対応 受注生産2週間,TOTOおすすめ品\キッズトイレスペース。###TOTO【AA130#YJ1L】幼児用マルチシンク ハイドロセラ・ウォール 高さ600用 フリーサイズ大型鏡なし対応 受注生産2週間[rn]
9-95752,http://tshop.r10s.jp/ii-sakura/cabinet/youki4/skh300lmrap.jpg?fitin=700:700,180657.6000,,花・ガーデン・DIY > 住宅建材・設備 > トイレ用設備 > その他,###TOTO 幼児用マルチシンク セット品番【SKH300HMAS】キャビネット:ミルベージュ 600サイズ・立水栓 壁給水 床排水,TOTOおすすめ品\キッズトイレスペース,"<font size=""4"" color=""""><b>※こちらの商品はご入金確認後のお手配です。代引きでのお取り扱いはできません。</b></font><br><br>
●セット内容<br>・陶器部<br>・キャビネット部 ミルベージュ 高さ600mm<br>・給水栓 立水栓 <br>・給水金具(止水栓 (壁) 、フレキホース連結管)<br>・排水金具(床)<br>※SR2パステルピンクは受注生産品の為、納期約2週となっております。<br>
※幼児用マルチシンクは、必ずキャビネットとセットで設置してください。<br><br>●画像はイメージ画像となります。ご注文の際は、型番、色、寸法等お確かめの上ご注文ください。 <br><!--
<br>
<img src=""http://image.rakuten.co.jp/ii-sakura/cabinet/img59761114.jpg"" border=""0""><br>
-->
<br>
<img src=""http://image.rakuten.co.jp/ii-sakura/cabinet/youki8/sakura-meker.jpg"" border=""0""><br>
<br>
<br>
</p>",###TOTO 幼児用マルチシンク セット品番【SKH300HMAS】キャビネット:ミルベージュ 600サイズ・立水栓 壁給水 床排水：あいあいショップさくら,###TOTO 幼児用マルチシンク セット品番【SKH300HMAS】キャビネット:ミルベージュ 600サイズ・立水栓 壁給水 床排水,TOTOおすすめ品\キッズトイレスペース。###TOTO 幼児用マルチシンク セット品番【SKH300HMAS】キャビネット:ミルベージュ 600サイズ・立水栓 壁給水 床排水[rn]
9-95753,http://tshop.r10s.jp/ii-sakura/cabinet/kotomi4/tefv10yuh.jpg?fitin=700:700,99532.0000,,花・ガーデン・DIY > 住宅建材・設備 > トイレ用設備 > その他,###TOTO【TEFV20YUH】幼児用大便器 給水部 オートクリーンCコンビネーションタイプ (再生水仕様) 受注生産3週間,TOTOおすすめ品\キッズトイレスペース,"<font size=""4"" color=""#ff00ff""><b>受注生産品</b>(納期約３週間)</font><br><br>
<font size=""4"" color=""""><b>※こちらの商品はご入金確認後のお手配です。代引きでのお取り扱いはできません。</b></font><br><br><!--
<br>
<img src=""http://image.rakuten.co.jp/ii-sakura/cabinet/img59761114.jpg"" border=""0""><br>
-->
<br>
<img src=""http://image.rakuten.co.jp/ii-sakura/cabinet/youki8/sakura-meker.jpg"" border=""0""><br>
<br>
<br>
</p>",###TOTO【TEFV20YUH】幼児用大便器 給水部 オートクリーンCコンビネーションタイプ (再生水仕様) 受注生産3週間：あいあいショップさくら,###TOTO【TEFV20YUH】幼児用大便器 給水部 オートクリーンCコンビネーションタイプ (再生水仕様) 受注生産3週間,TOTOおすすめ品\キッズトイレスペース。###TOTO【TEFV20YUH】幼児用大便器 給水部 オートクリーンCコンビネーションタイプ (再生水仕様) 受注生産3週間[rn]
9-95754,http://tshop.r10s.jp/ii-sakura/cabinet/youki4/skl300lwrap.jpg?fitin=700:700,347909.6000,,花・ガーデン・DIY > 住宅建材・設備 > トイレ用設備 > その他,###TOTO 幼児用マルチシンク セット品番【SKL300LWRBS】キャビネット:ホワイト 500サイズ・幼児用レバー水栓 電気温水器あり 床給水 床排水,TOTOおすすめ品\キッズトイレスペース,"<font size=""4"" color=""""><b>※こちらの商品はメーカー直送品となります。こちらの商品は代引きでのお取り引きができません、ご入金確認後のお手配になります。</b></font><br><br>●セット内容<br>・陶器部<br>・キャビネット部 カラー：ホワイト 高さ500mm<br>・給水栓 幼児用レバー水栓 <br>・電気温水器(本体、排水ホッパー) <br>・給水金具(止水栓 (床) 、フレキホース連結管)<br>・排水金具(床)<br>※SR2パステルピンクは受注生産品の為、納期約2週となっております。<br>
※幼児用マルチシンクは、必ずキャビネットとセットで設置してください。<br><br>●画像はイメージ画像となります。ご注文の際は、型番、色、寸法等お確かめの上ご注文ください。 <br><br><br>※配送はドライバー1人となります。大型商品の為荷下ろしの際にお客様のお手伝いが必要になります<br><br>
<br><br><img alt=""直送についてのご注意"" src=""http://image.rakuten.co.jp/ii-sakura/cabinet/tyokusou20143.jpg"" width=""200"" border=""0""><br><br><!--
<br>
<img src=""http://image.rakuten.co.jp/ii-sakura/cabinet/img59761114.jpg"" border=""0""><br>
-->
<br>
<img src=""http://image.rakuten.co.jp/ii-sakura/cabinet/youki8/sakura-meker.jpg"" border=""0""><br>
<br>
<br>
</p>",###TOTO 幼児用マルチシンク セット品番【SKL300LWRBS】キャビネット:ホワイト 500サイズ・幼児用レバー水栓 電気温水器あり 床給水 床排水：あいあいショップさくら,###TOTO 幼児用マルチシンク セット品番【SKL300LWRBS】キャビネット:ホワイト 500サイズ・幼児用レバー水栓 電気温水器あり 床給水 床排水,TOTOおすすめ品\キッズトイレスペース。###TOTO 幼児用マルチシンク セット品番【SKL300LWRBS】キャビネット:ホワイト 500サイズ・幼児用レバー水栓 電気温水器あり 床給水 床排水[rn]
9-95755,http://tshop.r10s.jp/ii-sakura/cabinet/03033342/03101049/img58837522.jpg?fitin=700:700,14781.6000,,花・ガーデン・DIY > 住宅建材・設備 > トイレ用設備 > その他,TOTO【TS310SG】幼児用大便器 給水部 タンク用セット金具,TOTOおすすめ品\キッズトイレスペース,"<br><br><!--
<br>
<img src=""http://image.rakuten.co.jp/ii-sakura/cabinet/img59761114.jpg"" border=""0""><br>
-->
<br>
<img src=""http://image.rakuten.co.jp/ii-sakura/cabinet/youki8/sakura-meker.jpg"" border=""0""><br>
<br>
<br>
</p>",TOTO【TS310SG】幼児用大便器 給水部 タンク用セット金具：あいあいショップさくら,TOTO【TS310SG】幼児用大便器 給水部 タンク用セット金具,TOTOおすすめ品\キッズトイレスペース。TOTO【TS310SG】幼児用大便器 給水部 タンク用セット金具[rn]
9-95756,http://tshop.r10s.jp/ii-sakura/cabinet/youki4/skh300lwrap.jpg?fitin=700:700,184378.4000,,花・ガーデン・DIY > 住宅建材・設備 > トイレ用設備 > その他,###TOTO 幼児用マルチシンク セット品番【SKH300HWBP】キャビネット:ホワイト 600サイズ・立水栓 床給水 壁排水,TOTOおすすめ品\キッズトイレスペース,"<font size=""4"" color=""""><b>※こちらの商品はご入金確認後のお手配です。代引きでのお取り扱いはできません。</b></font><br><br>
●セット内容<br>・陶器部<br>・キャビネット部 カラー：ホワイト 高さ600mm<br>・給水栓 立水栓 <br>・給水金具(止水栓 (床) 、フレキホース連結管)<br>・排水金具(壁)<br>※SR2パステルピンクは受注生産品の為、納期約2週となっております。<br>
※幼児用マルチシンクは、必ずキャビネットとセットで設置してください。<br><br>●画像はイメージ画像となります。ご注文の際は、型番、色、寸法等お確かめの上ご注文ください。 <br><!--
<br>
<img src=""http://image.rakuten.co.jp/ii-sakura/cabinet/img59761114.jpg"" border=""0""><br>
-->
<br>
<img src=""http://image.rakuten.co.jp/ii-sakura/cabinet/youki8/sakura-meker.jpg"" border=""0""><br>
<br>
<br>
</p>",###TOTO 幼児用マルチシンク セット品番【SKH300HWBP】キャビネット:ホワイト 600サイズ・立水栓 床給水 壁排水：あいあいショップさくら,###TOTO 幼児用マルチシンク セット品番【SKH300HWBP】キャビネット:ホワイト 600サイズ・立水栓 床給水 壁排水,TOTOおすすめ品\キッズトイレスペース。###TOTO 幼児用マルチシンク セット品番【SKH300HWBP】キャビネット:ホワイト 600サイズ・立水栓 床給水 壁排水[rn]
9-95757,http://tshop.r10s.jp/ii-sakura/cabinet/kotomi4/c426r.jpg?fitin=700:700,19957.6000,,花・ガーデン・DIY > 住宅建材・設備 > トイレ用設備 > その他,TOTO【C426R】本体のみ 低リップ大便器 腰掛便器,TOTOおすすめ品\キッズトイレスペース,"<br><br><!--
<br>
<img src=""http://image.rakuten.co.jp/ii-sakura/cabinet/img59761114.jpg"" border=""0""><br>
-->
<br>
<img src=""http://image.rakuten.co.jp/ii-sakura/cabinet/youki8/sakura-meker.jpg"" border=""0""><br>
<br>
<br>
</p>",TOTO【C426R】本体のみ 低リップ大便器 腰掛便器：あいあいショップさくら,TOTO【C426R】本体のみ 低リップ大便器 腰掛便器,TOTOおすすめ品\キッズトイレスペース。TOTO【C426R】本体のみ 低リップ大便器 腰掛便器[rn]
9-95758,http://tshop.r10s.jp/ii-sakura/cabinet/youki4/skh300lwrap.jpg?fitin=700:700,314520.0000,,花・ガーデン・DIY > 住宅建材・設備 > トイレ用設備 > その他,###TOTO 幼児用マルチシンク セット品番【SKH300LWRAP】キャビネット:ホワイト 500サイズ・立水栓 電気温水器あり 壁給水 壁排水,TOTOおすすめ品\キッズトイレスペース,"<font size=""4"" color=""""><b>※こちらの商品はメーカー直送品となります。こちらの商品は代引きでのお取り引きができません、ご入金確認後のお手配になります。</b></font><br><br>●セット内容<br>・陶器部<br>・キャビネット部 カラー：ホワイト 高さ500mm<br>・給水栓 立水栓 <br>・電気温水器(本体、排水ホッパー) <br>・給水金具(止水栓 (壁) 、フレキホース連結管)<br>・排水金具(壁)<br>※SR2パステルピンクは受注生産品の為、納期約2週となっております。<br>
※幼児用マルチシンクは、必ずキャビネットとセットで設置してください。<br><br>●画像はイメージ画像となります。ご注文の際は、型番、色、寸法等お確かめの上ご注文ください。 <br><br><br>※配送はドライバー1人となります。大型商品の為荷下ろしの際にお客様のお手伝いが必要になります<br><br>
<br><br><img alt=""直送についてのご注意"" src=""http://image.rakuten.co.jp/ii-sakura/cabinet/tyokusou20143.jpg"" width=""200"" border=""0""><br><br><!--
<br>
<img src=""http://image.rakuten.co.jp/ii-sakura/cabinet/img59761114.jpg"" border=""0""><br>
-->
<br>
<img src=""http://image.rakuten.co.jp/ii-sakura/cabinet/youki8/sakura-meker.jpg"" border=""0""><br>
<br>
<br>
</p>",###TOTO 幼児用マルチシンク セット品番【SKH300LWRAP】キャビネット:ホワイト 500サイズ・立水栓 電気温水器あり 壁給水 壁排水：あいあいショップさくら,###TOTO 幼児用マルチシンク セット品番【SKH300LWRAP】キャビネット:ホワイト 500サイズ・立水栓 電気温水器あり 壁給水 壁排水,TOTOおすすめ品\キッズトイレスペース。###TOTO 幼児用マルチシンク セット品番【SKH300LWRAP】キャビネット:ホワイト 500サイズ・立水栓 電気温水器あり 壁給水 壁排水[rn]
9-95759,http://tshop.r10s.jp/ii-sakura/cabinet/youki4/skh300lwrap.jpg?fitin=700:700,178898.4000,,花・ガーデン・DIY > 住宅建材・設備 > トイレ用設備 > その他,###TOTO 幼児用マルチシンク セット品番【SKH300LWBP】キャビネット:ホワイト 500サイズ・立水栓 床給水 壁排水,TOTOおすすめ品\キッズトイレスペース,"<font size=""4"" color=""""><b>※こちらの商品はご入金確認後のお手配です。代引きでのお取り扱いはできません。</b></font><br><br>
●セット内容<br>・陶器部<br>・キャビネット部 カラー：ホワイト 高さ500mm<br>・給水栓 立水栓 <br>・給水金具(止水栓 (床) 、フレキホース連結管)<br>・排水金具(壁)<br>※SR2パステルピンクは受注生産品の為、納期約2週となっております。<br>
※幼児用マルチシンクは、必ずキャビネットとセットで設置してください。<br><br>●画像はイメージ画像となります。ご注文の際は、型番、色、寸法等お確かめの上ご注文ください。 <br><!--
<br>
<img src=""http://image.rakuten.co.jp/ii-sakura/cabinet/img59761114.jpg"" border=""0""><br>
-->
<br>
<img src=""http://image.rakuten.co.jp/ii-sakura/cabinet/youki8/sakura-meker.jpg"" border=""0""><br>
<br>
<br>
</p>",###TOTO 幼児用マルチシンク セット品番【SKH300LWBP】キャビネット:ホワイト 500サイズ・立水栓 床給水 壁排水：あいあいショップさくら,###TOTO 幼児用マルチシンク セット品番【SKH300LWBP】キャビネット:ホワイト 500サイズ・立水栓 床給水 壁排水,TOTOおすすめ品\キッズトイレスペース。###TOTO 幼児用マルチシンク セット品番【SKH300LWBP】キャビネット:ホワイト 500サイズ・立水栓 床給水 壁排水[rn]
9-95760,http://tshop.r10s.jp/ii-sakura/cabinet/youki4/skh300lmrap.jpg?fitin=700:700,322396.0000,,花・ガーデン・DIY > 住宅建材・設備 > トイレ用設備 > その他,###TOTO 幼児用マルチシンク セット品番【SKH300HMRBP】キャビネット:ミルベージュ 600サイズ・立水栓 電気温水器あり 床給水 壁排水,TOTOおすすめ品\キッズトイレスペース,"<font size=""4"" color=""""><b>※こちらの商品はメーカー直送品となります。こちらの商品は代引きでのお取り引きができません、ご入金確認後のお手配になります。</b></font><br><br>●セット内容<br>・陶器部<br>・キャビネット部 ミルベージュ 高さ600mm<br>・給水栓 立水栓 <br>・電気温水器(本体、排水ホッパー) <br>・給水金具(止水栓 (床) 、フレキホース連結管)<br>・排水金具(壁)<br>※SR2パステルピンクは受注生産品の為、納期約2週となっております。<br>
※幼児用マルチシンクは、必ずキャビネットとセットで設置してください。<br><br>●画像はイメージ画像となります。ご注文の際は、型番、色、寸法等お確かめの上ご注文ください。 <br><br><br>※配送はドライバー1人となります。大型商品の為荷下ろしの際にお客様のお手伝いが必要になります<br><br>
<br><br><img alt=""直送についてのご注意"" src=""http://image.rakuten.co.jp/ii-sakura/cabinet/tyokusou20143.jpg"" width=""200"" border=""0""><br><br><!--
<br>
<img src=""http://image.rakuten.co.jp/ii-sakura/cabinet/img59761114.jpg"" border=""0""><br>
-->
<br>
<img src=""http://image.rakuten.co.jp/ii-sakura/cabinet/youki8/sakura-meker.jpg"" border=""0""><br>
<br>
<br>
</p>",###TOTO 幼児用マルチシンク セット品番【SKH300HMRBP】キャビネット:ミルベージュ 600サイズ・立水栓 電気温水器あり 床給水 壁排水：あいあいショップさくら,###TOTO 幼児用マルチシンク セット品番【SKH300HMRBP】キャビネット:ミルベージュ 600サイズ・立水栓 電気温水器あり 床給水 壁排水,TOTOおすすめ品\キッズトイレスペース。###TOTO 幼児用マルチシンク セット品番【SKH300HMRBP】キャビネット:ミルベージュ 600サイズ・立水栓 電気温水器あり 床給水 壁排水[rn]
9-95761,http://tshop.r10s.jp/ii-sakura/cabinet/youki4/skl300lmap.jpg?fitin=700:700,343806.4000,,花・ガーデン・DIY > 住宅建材・設備 > トイレ用設備 > その他,###TOTO 幼児用マルチシンク セット品番【SKL300LMRAP】キャビネット:ミルベージュ 500サイズ・幼児用レバー水栓 電気温水器あり 壁給水 壁排水,TOTOおすすめ品\キッズトイレスペース,"<font size=""4"" color=""""><b>※こちらの商品はメーカー直送品となります。こちらの商品は代引きでのお取り引きができません、ご入金確認後のお手配になります。</b></font><br><br>●セット内容<br>・陶器部<br>・キャビネット部 ミルベージュ 高さ500mm<br>・給水栓 幼児用レバー水栓 <br>・電気温水器(本体、排水ホッパー) <br>・給水金具(止水栓 (壁) 、フレキホース連結管)<br>・排水金具(壁)<br>※SR2パステルピンクは受注生産品の為、納期約2週となっております。<br>
※幼児用マルチシンクは、必ずキャビネットとセットで設置してください。<br><br>●画像はイメージ画像となります。ご注文の際は、型番、色、寸法等お確かめの上ご注文ください。 <br><br><br>※配送はドライバー1人となります。大型商品の為荷下ろしの際にお客様のお手伝いが必要になります<br><br>
<br><br><img alt=""直送についてのご注意"" src=""http://image.rakuten.co.jp/ii-sakura/cabinet/tyokusou20143.jpg"" width=""200"" border=""0""><br><br><!--
<br>
<img src=""http://image.rakuten.co.jp/ii-sakura/cabinet/img59761114.jpg"" border=""0""><br>
-->
<br>
<img src=""http://image.rakuten.co.jp/ii-sakura/cabinet/youki8/sakura-meker.jpg"" border=""0""><br>
<br>
<br>
</p>",###TOTO 幼児用マルチシンク セット品番【SKL300LMRAP】キャビネット:ミルベージュ 500サイズ・幼児用レバー水栓 電気温水器あり 壁給水 壁排水：あいあいショップさくら,###TOTO 幼児用マルチシンク セット品番【SKL300LMRAP】キャビネット:ミルベージュ 500サイズ・幼児用レバー水栓 電気温水器あり 壁給水 壁排水,TOTOおすすめ品\キッズトイレスペース。###TOTO 幼児用マルチシンク セット品番【SKL300LMRAP】キャビネット:ミルベージュ 500サイズ・幼児用レバー水栓 電気温水器あり 壁給水 壁排水[rn]
9-95762,http://tshop.r10s.jp/ii-sakura/cabinet/youki4/skl300lmap.jpg?fitin=700:700,209943.2000,,花・ガーデン・DIY > 住宅建材・設備 > トイレ用設備 > その他,###TOTO 幼児用マルチシンク セット品番【SKL300HMAS】キャビネット:ミルベージュ 600サイズ・幼児用レバー水栓 壁給水 床排水,TOTOおすすめ品\キッズトイレスペース,"<font size=""4"" color=""""><b>※こちらの商品はご入金確認後のお手配です。代引きでのお取り扱いはできません。</b></font><br><br>
●セット内容<br>・陶器部<br>・キャビネット部 ミルベージュ 高さ600mm<br>・給水栓 幼児用レバー水栓 <br>・給水金具(止水栓 (壁) 、フレキホース連結管)<br>・排水金具(床)<br>※SR2パステルピンクは受注生産品の為、納期約2週となっております。<br>
※幼児用マルチシンクは、必ずキャビネットとセットで設置してください。<br><br>●画像はイメージ画像となります。ご注文の際は、型番、色、寸法等お確かめの上ご注文ください。 <br><!--
<br>
<img src=""http://image.rakuten.co.jp/ii-sakura/cabinet/img59761114.jpg"" border=""0""><br>
-->
<br>
<img src=""http://image.rakuten.co.jp/ii-sakura/cabinet/youki8/sakura-meker.jpg"" border=""0""><br>
<br>
<br>
</p>",###TOTO 幼児用マルチシンク セット品番【SKL300HMAS】キャビネット:ミルベージュ 600サイズ・幼児用レバー水栓 壁給水 床排水：あいあいショップさくら,###TOTO 幼児用マルチシンク セット品番【SKL300HMAS】キャビネット:ミルベージュ 600サイズ・幼児用レバー水栓 壁給水 床排水,TOTOおすすめ品\キッズトイレスペース。###TOTO 幼児用マルチシンク セット品番【SKL300HMAS】キャビネット:ミルベージュ 600サイズ・幼児用レバー水栓 壁給水 床排水[rn]
9-95763,http://tshop.r10s.jp/ii-sakura/cabinet/youki4/skh300lmrap.jpg?fitin=700:700,180224.0000,,花・ガーデン・DIY > 住宅建材・設備 > トイレ用設備 > その他,###TOTO 幼児用マルチシンク セット品番【SKH300LMBS】キャビネット:ミルベージュ 500サイズ・立水栓 床給水 床排水,TOTOおすすめ品\キッズトイレスペース,"<font size=""4"" color=""""><b>※こちらの商品はご入金確認後のお手配です。代引きでのお取り扱いはできません。</b></font><br><br>
●セット内容<br>・陶器部<br>・キャビネット部 ミルベージュ 高さ500mm<br>・給水栓 立水栓 <br>・給水金具(止水栓 (床) 、フレキホース連結管)<br>・排水金具(床)<br>※SR2パステルピンクは受注生産品の為、納期約2週となっております。<br>
※幼児用マルチシンクは、必ずキャビネットとセットで設置してください。<br><br>●画像はイメージ画像となります。ご注文の際は、型番、色、寸法等お確かめの上ご注文ください。 <br><!--
<br>
<img src=""http://image.rakuten.co.jp/ii-sakura/cabinet/img59761114.jpg"" border=""0""><br>
-->
<br>
<img src=""http://image.rakuten.co.jp/ii-sakura/cabinet/youki8/sakura-meker.jpg"" border=""0""><br>
<br>
<br>
</p>",###TOTO 幼児用マルチシンク セット品番【SKH300LMBS】キャビネット:ミルベージュ 500サイズ・立水栓 床給水 床排水：あいあいショップさくら,###TOTO 幼児用マルチシンク セット品番【SKH300LMBS】キャビネット:ミルベージュ 500サイズ・立水栓 床給水 床排水,TOTOおすすめ品\キッズトイレスペース。###TOTO 幼児用マルチシンク セット品番【SKH300LMBS】キャビネット:ミルベージュ 500サイズ・立水栓 床給水 床排水[rn]
9-95764,http://tshop.r10s.jp/ii-sakura/cabinet/youki4/skh300lwrap.jpg?fitin=700:700,180657.6000,,花・ガーデン・DIY > 住宅建材・設備 > トイレ用設備 > その他,###TOTO 幼児用マルチシンク セット品番【SKH300HWAS】キャビネット:ホワイト 600サイズ・立水栓 壁給水 床排水,TOTOおすすめ品\キッズトイレスペース,"<font size=""4"" color=""""><b>※こちらの商品はご入金確認後のお手配です。代引きでのお取り扱いはできません。</b></font><br><br>
●セット内容<br>・陶器部<br>・キャビネット部 カラー：ホワイト 高さ600mm<br>・給水栓 立水栓 <br>・給水金具(止水栓 (壁) 、フレキホース連結管)<br>・排水金具(床)<br>※SR2パステルピンクは受注生産品の為、納期約2週となっております。<br>
※幼児用マルチシンクは、必ずキャビネットとセットで設置してください。<br><br>●画像はイメージ画像となります。ご注文の際は、型番、色、寸法等お確かめの上ご注文ください。 <br><!--
<br>
<img src=""http://image.rakuten.co.jp/ii-sakura/cabinet/img59761114.jpg"" border=""0""><br>
-->
<br>
<img src=""http://image.rakuten.co.jp/ii-sakura/cabinet/youki8/sakura-meker.jpg"" border=""0""><br>
<br>
<br>
</p>",###TOTO 幼児用マルチシンク セット品番【SKH300HWAS】キャビネット:ホワイト 600サイズ・立水栓 壁給水 床排水：あいあいショップさくら,###TOTO 幼児用マルチシンク セット品番【SKH300HWAS】キャビネット:ホワイト 600サイズ・立水栓 壁給水 床排水,TOTOおすすめ品\キッズトイレスペース。###TOTO 幼児用マルチシンク セット品番【SKH300HWAS】キャビネット:ホワイト 600サイズ・立水栓 壁給水 床排水[rn]
9-95765,http://tshop.r10s.jp/ii-sakura/cabinet/youki4/skl300lmap.jpg?fitin=700:700,203520.0000,,花・ガーデン・DIY > 住宅建材・設備 > トイレ用設備 > その他,###TOTO 幼児用マルチシンク セット品番【SKL300LMAP】キャビネット:ミルベージュ 500サイズ・幼児用レバー水栓 壁給水 壁排水,TOTOおすすめ品\キッズトイレスペース,"<font size=""4"" color=""""><b>※こちらの商品はご入金確認後のお手配です。代引きでのお取り扱いはできません。</b></font><br><br>
●セット内容<br>・陶器部<br>・キャビネット部 ミルベージュ 高さ500mm<br>・給水栓 幼児用レバー水栓 <br>・給水金具(止水栓 (壁) 、フレキホース連結管)<br>・排水金具(壁)<br>※SR2パステルピンクは受注生産品の為、納期約2週となっております。<br>
※幼児用マルチシンクは、必ずキャビネットとセットで設置してください。<br><br>●画像はイメージ画像となります。ご注文の際は、型番、色、寸法等お確かめの上ご注文ください。 <br><!--
<br>
<img src=""http://image.rakuten.co.jp/ii-sakura/cabinet/img59761114.jpg"" border=""0""><br>
-->
<br>
<img src=""http://image.rakuten.co.jp/ii-sakura/cabinet/youki8/sakura-meker.jpg"" border=""0""><br>
<br>
<br>
</p>",###TOTO 幼児用マルチシンク セット品番【SKL300LMAP】キャビネット:ミルベージュ 500サイズ・幼児用レバー水栓 壁給水 壁排水：あいあいショップさくら,###TOTO 幼児用マルチシンク セット品番【SKL300LMAP】キャビネット:ミルベージュ 500サイズ・幼児用レバー水栓 壁給水 壁排水,TOTOおすすめ品\キッズトイレスペース。###TOTO 幼児用マルチシンク セット品番【SKL300LMAP】キャビネット:ミルベージュ 500サイズ・幼児用レバー水栓 壁給水 壁排水[rn]
9-95766,http://tshop.r10s.jp/ii-sakura/cabinet/youki4/skh300lwrap.jpg?fitin=700:700,318624.0000,,花・ガーデン・DIY > 住宅建材・設備 > トイレ用設備 > その他,###TOTO 幼児用マルチシンク セット品番【SKH300LWRBS】キャビネット:ホワイト 500サイズ・立水栓 電気温水器あり 床給水 床排水,TOTOおすすめ品\キッズトイレスペース,"<font size=""4"" color=""""><b>※こちらの商品はメーカー直送品となります。こちらの商品は代引きでのお取り引きができません、ご入金確認後のお手配になります。</b></font><br><br>●セット内容<br>・陶器部<br>・キャビネット部 カラー：ホワイト 高さ500mm<br>・給水栓 立水栓 <br>・電気温水器(本体、排水ホッパー) <br>・給水金具(止水栓 (床) 、フレキホース連結管)<br>・排水金具(床)<br>※SR2パステルピンクは受注生産品の為、納期約2週となっております。<br>
※幼児用マルチシンクは、必ずキャビネットとセットで設置してください。<br><br>●画像はイメージ画像となります。ご注文の際は、型番、色、寸法等お確かめの上ご注文ください。 <br><br><br>※配送はドライバー1人となります。大型商品の為荷下ろしの際にお客様のお手伝いが必要になります<br><br>
<br><br><img alt=""直送についてのご注意"" src=""http://image.rakuten.co.jp/ii-sakura/cabinet/tyokusou20143.jpg"" width=""200"" border=""0""><br><br><!--
<br>
<img src=""http://image.rakuten.co.jp/ii-sakura/cabinet/img59761114.jpg"" border=""0""><br>
-->
<br>
<img src=""http://image.rakuten.co.jp/ii-sakura/cabinet/youki8/sakura-meker.jpg"" border=""0""><br>
<br>
<br>
</p>",###TOTO 幼児用マルチシンク セット品番【SKH300LWRBS】キャビネット:ホワイト 500サイズ・立水栓 電気温水器あり 床給水 床排水：あいあいショップさくら,###TOTO 幼児用マルチシンク セット品番【SKH300LWRBS】キャビネット:ホワイト 500サイズ・立水栓 電気温水器あり 床給水 床排水,TOTOおすすめ品\キッズトイレスペース。###TOTO 幼児用マルチシンク セット品番【SKH300LWRBS】キャビネット:ホワイト 500サイズ・立水栓 電気温水器あり 床給水 床排水[rn]
9-95767,http://tshop.r10s.jp/ii-sakura/cabinet/kotomi4/yyb10p2r.jpg?fitin=700:700,24974.4000,,花・ガーデン・DIY > 住宅建材・設備 > トイレ用設備 > その他,TOTO【YYB10P2R】幼児用手すり 腰掛便器用手すり (ぞう),TOTOおすすめ品\キッズトイレスペース,"<br><br><!--
<br>
<img src=""http://image.rakuten.co.jp/ii-sakura/cabinet/img59761114.jpg"" border=""0""><br>
-->
<br>
<img src=""http://image.rakuten.co.jp/ii-sakura/cabinet/youki8/sakura-meker.jpg"" border=""0""><br>
<br>
<br>
</p>",TOTO【YYB10P2R】幼児用手すり 腰掛便器用手すり (ぞう)：あいあいショップさくら,TOTO【YYB10P2R】幼児用手すり 腰掛便器用手すり (ぞう),TOTOおすすめ品\キッズトイレスペース。TOTO【YYB10P2R】幼児用手すり 腰掛便器用手すり (ぞう)[rn]
9-95768,http://tshop.r10s.jp/ii-sakura/cabinet/kotomi4/aa130yj1sm.jpg?fitin=700:700,37258.4000,,花・ガーデン・DIY > 住宅建材・設備 > トイレ用設備 > その他,###TOTO【AA130#YJ1SM】幼児用マルチシンク ハイドロセラ・ウォール 高さ500用 フリーサイズ大型鏡あり対応 受注生産2週間,TOTOおすすめ品\キッズトイレスペース,"<font size=""4"" color=""#ff00ff""><b>受注生産品</b>(納期約２週間)</font><br><br>
<font size=""4"" color=""""><b>※こちらの商品はご入金確認後のお手配です。代引きでのお取り扱いはできません。</b></font><br><br><!--
<br>
<img src=""http://image.rakuten.co.jp/ii-sakura/cabinet/img59761114.jpg"" border=""0""><br>
-->
<br>
<img src=""http://image.rakuten.co.jp/ii-sakura/cabinet/youki8/sakura-meker.jpg"" border=""0""><br>
<br>
<br>
</p>",###TOTO【AA130#YJ1SM】幼児用マルチシンク ハイドロセラ・ウォール 高さ500用 フリーサイズ大型鏡あり対応 受注生産2週間：あいあいショップさくら,###TOTO【AA130#YJ1SM】幼児用マルチシンク ハイドロセラ・ウォール 高さ500用 フリーサイズ大型鏡あり対応 受注生産2週間,TOTOおすすめ品\キッズトイレスペース。###TOTO【AA130#YJ1SM】幼児用マルチシンク ハイドロセラ・ウォール 高さ500用 フリーサイズ大型鏡あり対応 受注生産2週間[rn]
9-95769,http://tshop.r10s.jp/ii-sakura/cabinet/youki4/skl300lwrap.jpg?fitin=700:700,343806.4000,,花・ガーデン・DIY > 住宅建材・設備 > トイレ用設備 > その他,###TOTO 幼児用マルチシンク セット品番【SKL300LWRAP】キャビネット:ホワイト 500サイズ・幼児用レバー水栓 電気温水器あり 壁給水 壁排水,TOTOおすすめ品\キッズトイレスペース,"<font size=""4"" color=""""><b>※こちらの商品はメーカー直送品となります。こちらの商品は代引きでのお取り引きができません、ご入金確認後のお手配になります。</b></font><br><br>●セット内容<br>・陶器部<br>・キャビネット部 カラー：ホワイト 高さ500mm<br>・給水栓 幼児用レバー水栓 <br>・電気温水器(本体、排水ホッパー) <br>・給水金具(止水栓 (壁) 、フレキホース連結管)<br>・排水金具(壁)<br>※SR2パステルピンクは受注生産品の為、納期約2週となっております。<br>
※幼児用マルチシンクは、必ずキャビネットとセットで設置してください。<br><br>●画像はイメージ画像となります。ご注文の際は、型番、色、寸法等お確かめの上ご注文ください。 <br><br><br>※配送はドライバー1人となります。大型商品の為荷下ろしの際にお客様のお手伝いが必要になります<br><br>
<br><br><img alt=""直送についてのご注意"" src=""http://image.rakuten.co.jp/ii-sakura/cabinet/tyokusou20143.jpg"" width=""200"" border=""0""><br><br><!--
<br>
<img src=""http://image.rakuten.co.jp/ii-sakura/cabinet/img59761114.jpg"" border=""0""><br>
-->
<br>
<img src=""http://image.rakuten.co.jp/ii-sakura/cabinet/youki8/sakura-meker.jpg"" border=""0""><br>
<br>
<br>
</p>",###TOTO 幼児用マルチシンク セット品番【SKL300LWRAP】キャビネット:ホワイト 500サイズ・幼児用レバー水栓 電気温水器あり 壁給水 壁排水：あいあいショップさくら,###TOTO 幼児用マルチシンク セット品番【SKL300LWRAP】キャビネット:ホワイト 500サイズ・幼児用レバー水栓 電気温水器あり 壁給水 壁排水,TOTOおすすめ品\キッズトイレスペース。###TOTO 幼児用マルチシンク セット品番【SKL300LWRAP】キャビネット:ホワイト 500サイズ・幼児用レバー水栓 電気温水器あり 壁給水 壁排水[rn]
9-95770,http://tshop.r10s.jp/ii-sakura/cabinet/03033342/03101049/img58837522.jpg?fitin=700:700,9718.4000,,花・ガーデン・DIY > 住宅建材・設備 > トイレ用設備 > その他,TOTO 幼児用マルチシンク オプション【UTR134K3S】キャビネット用底板(旧品番 HK300K3R),TOTOおすすめ品\キッズトイレスペース,"<!--
<br>
<img src=""http://image.rakuten.co.jp/ii-sakura/cabinet/img59761114.jpg"" border=""0""><br>
-->
<br>
<img src=""http://image.rakuten.co.jp/ii-sakura/cabinet/youki8/sakura-meker.jpg"" border=""0""><br>
<br>
<br>
</p>",TOTO 幼児用マルチシンク オプション【UTR134K3S】キャビネット用底板(旧品番 HK300K3R)：あいあいショップさくら,TOTO 幼児用マルチシンク オプション【UTR134K3S】キャビネット用底板(旧品番 HK300K3R),TOTOおすすめ品\キッズトイレスペース。TOTO 幼児用マルチシンク オプション【UTR134K3S】キャビネット用底板(旧品番 HK300K3R)[rn]
9-95771,http://tshop.r10s.jp/ii-sakura/cabinet/youki4/skl300lwrap.jpg?fitin=700:700,214989.6000,,花・ガーデン・DIY > 住宅建材・設備 > トイレ用設備 > その他,###TOTO 幼児用マルチシンク セット品番【SKL300HWBS】キャビネット:ホワイト 600サイズ・幼児用レバー水栓 床給水 床排水,TOTOおすすめ品\キッズトイレスペース,"<font size=""4"" color=""""><b>※こちらの商品はご入金確認後のお手配です。代引きでのお取り扱いはできません。</b></font><br><br>
●セット内容<br>・陶器部<br>・キャビネット部 カラー：ホワイト 高さ600mm<br>・給水栓 幼児用レバー水栓 <br>・給水金具(止水栓 (床) 、フレキホース連結管)<br>・排水金具(床)<br>※SR2パステルピンクは受注生産品の為、納期約2週となっております。<br>
※幼児用マルチシンクは、必ずキャビネットとセットで設置してください。<br><br>●画像はイメージ画像となります。ご注文の際は、型番、色、寸法等お確かめの上ご注文ください。 <br><!--
<br>
<img src=""http://image.rakuten.co.jp/ii-sakura/cabinet/img59761114.jpg"" border=""0""><br>
-->
<br>
<img src=""http://image.rakuten.co.jp/ii-sakura/cabinet/youki8/sakura-meker.jpg"" border=""0""><br>
<br>
<br>
</p>",###TOTO 幼児用マルチシンク セット品番【SKL300HWBS】キャビネット:ホワイト 600サイズ・幼児用レバー水栓 床給水 床排水：あいあいショップさくら,###TOTO 幼児用マルチシンク セット品番【SKL300HWBS】キャビネット:ホワイト 600サイズ・幼児用レバー水栓 床給水 床排水,TOTOおすすめ品\キッズトイレスペース。###TOTO 幼児用マルチシンク セット品番【SKL300HWBS】キャビネット:ホワイト 600サイズ・幼児用レバー水栓 床給水 床排水[rn]
9-95772,http://tshop.r10s.jp/ii-sakura/cabinet/youki4/skl300lwrap.jpg?fitin=700:700,204845.6000,,花・ガーデン・DIY > 住宅建材・設備 > トイレ用設備 > その他,###TOTO 幼児用マルチシンク セット品番【SKL300LWAS】キャビネット:ホワイト 500サイズ・幼児用レバー水栓 壁給水 床排水,TOTOおすすめ品\キッズトイレスペース,"<font size=""4"" color=""""><b>※こちらの商品はご入金確認後のお手配です。代引きでのお取り扱いはできません。</b></font><br><br>
●セット内容<br>・陶器部<br>・キャビネット部 カラー：ホワイト 高さ500mm<br>・給水栓 幼児用レバー水栓 <br>・給水金具(止水栓 (壁) 、フレキホース連結管)<br>・排水金具(床)<br>※SR2パステルピンクは受注生産品の為、納期約2週となっております。<br>
※幼児用マルチシンクは、必ずキャビネットとセットで設置してください。<br><br>●画像はイメージ画像となります。ご注文の際は、型番、色、寸法等お確かめの上ご注文ください。 <br><!--
<br>
<img src=""http://image.rakuten.co.jp/ii-sakura/cabinet/img59761114.jpg"" border=""0""><br>
-->
<br>
<img src=""http://image.rakuten.co.jp/ii-sakura/cabinet/youki8/sakura-meker.jpg"" border=""0""><br>
<br>
<br>
</p>",###TOTO 幼児用マルチシンク セット品番【SKL300LWAS】キャビネット:ホワイト 500サイズ・幼児用レバー水栓 壁給水 床排水：あいあいショップさくら,###TOTO 幼児用マルチシンク セット品番【SKL300LWAS】キャビネット:ホワイト 500サイズ・幼児用レバー水栓 壁給水 床排水,TOTOおすすめ品\キッズトイレスペース。###TOTO 幼児用マルチシンク セット品番【SKL300LWAS】キャビネット:ホワイト 500サイズ・幼児用レバー水栓 壁給水 床排水[rn]
9-95773,http://tshop.r10s.jp/ii-sakura/cabinet/youki4/skl300lwrap.jpg?fitin=700:700,209509.6000,,花・ガーデン・DIY > 住宅建材・設備 > トイレ用設備 > その他,###TOTO 幼児用マルチシンク セット品番【SKL300LWBS】キャビネット:ホワイト 500サイズ・幼児用レバー水栓 床給水 床排水,TOTOおすすめ品\キッズトイレスペース,"<font size=""4"" color=""""><b>※こちらの商品はご入金確認後のお手配です。代引きでのお取り扱いはできません。</b></font><br><br>
●セット内容<br>・陶器部<br>・キャビネット部 カラー：ホワイト 高さ500mm<br>・給水栓 幼児用レバー水栓 <br>・給水金具(止水栓 (床) 、フレキホース連結管)<br>・排水金具(床)<br>※SR2パステルピンクは受注生産品の為、納期約2週となっております。<br>
※幼児用マルチシンクは、必ずキャビネットとセットで設置してください。<br><br>●画像はイメージ画像となります。ご注文の際は、型番、色、寸法等お確かめの上ご注文ください。 <br><!--
<br>
<img src=""http://image.rakuten.co.jp/ii-sakura/cabinet/img59761114.jpg"" border=""0""><br>
-->
<br>
<img src=""http://image.rakuten.co.jp/ii-sakura/cabinet/youki8/sakura-meker.jpg"" border=""0""><br>
<br>
<br>
</p>",###TOTO 幼児用マルチシンク セット品番【SKL300LWBS】キャビネット:ホワイト 500サイズ・幼児用レバー水栓 床給水 床排水：あいあいショップさくら,###TOTO 幼児用マルチシンク セット品番【SKL300LWBS】キャビネット:ホワイト 500サイズ・幼児用レバー水栓 床給水 床排水,TOTOおすすめ品\キッズトイレスペース。###TOTO 幼児用マルチシンク セット品番【SKL300LWBS】キャビネット:ホワイト 500サイズ・幼児用レバー水栓 床給水 床排水[rn]
9-95774,http://tshop.r10s.jp/ii-sakura/cabinet/youki4/skh300lmrap.jpg?fitin=700:700,178898.4000,,花・ガーデン・DIY > 住宅建材・設備 > トイレ用設備 > その他,###TOTO 幼児用マルチシンク セット品番【SKH300LMBP】キャビネット:ミルベージュ 500サイズ・立水栓 床給水 壁排水,TOTOおすすめ品\キッズトイレスペース,"<font size=""4"" color=""""><b>※こちらの商品はご入金確認後のお手配です。代引きでのお取り扱いはできません。</b></font><br><br>
●セット内容<br>・陶器部<br>・キャビネット部 ミルベージュ 高さ500mm<br>・給水栓 立水栓 <br>・給水金具(止水栓 (床) 、フレキホース連結管)<br>・排水金具(壁)<br>※SR2パステルピンクは受注生産品の為、納期約2週となっております。<br>
※幼児用マルチシンクは、必ずキャビネットとセットで設置してください。<br><br>●画像はイメージ画像となります。ご注文の際は、型番、色、寸法等お確かめの上ご注文ください。 <br><!--
<br>
<img src=""http://image.rakuten.co.jp/ii-sakura/cabinet/img59761114.jpg"" border=""0""><br>
-->
<br>
<img src=""http://image.rakuten.co.jp/ii-sakura/cabinet/youki8/sakura-meker.jpg"" border=""0""><br>
<br>
<br>
</p>",###TOTO 幼児用マルチシンク セット品番【SKH300LMBP】キャビネット:ミルベージュ 500サイズ・立水栓 床給水 壁排水：あいあいショップさくら,###TOTO 幼児用マルチシンク セット品番【SKH300LMBP】キャビネット:ミルベージュ 500サイズ・立水栓 床給水 壁排水,TOTOおすすめ品\キッズトイレスペース。###TOTO 幼児用マルチシンク セット品番【SKH300LMBP】キャビネット:ミルベージュ 500サイズ・立水栓 床給水 壁排水[rn]
9-95775,http://tshop.r10s.jp/ii-sakura/cabinet/youki4/skh300lmrap.jpg?fitin=700:700,314520.0000,,花・ガーデン・DIY > 住宅建材・設備 > トイレ用設備 > その他,###TOTO 幼児用マルチシンク セット品番【SKH300LMRAP】キャビネット:ミルベージュ 500サイズ・立水栓 電気温水器あり 壁給水 壁排水,TOTOおすすめ品\キッズトイレスペース,"<font size=""4"" color=""""><b>※こちらの商品はメーカー直送品となります。こちらの商品は代引きでのお取り引きができません、ご入金確認後のお手配になります。</b></font><br><br>●セット内容<br>・陶器部<br>・キャビネット部 ミルベージュ 高さ500mm<br>・給水栓 立水栓 <br>・電気温水器(本体、排水ホッパー) <br>・給水金具(止水栓 (壁) 、フレキホース連結管)<br>・排水金具(壁)<br>※SR2パステルピンクは受注生産品の為、納期約2週となっております。<br>
※幼児用マルチシンクは、必ずキャビネットとセットで設置してください。<br><br>●画像はイメージ画像となります。ご注文の際は、型番、色、寸法等お確かめの上ご注文ください。 <br><br><br>※配送はドライバー1人となります。大型商品の為荷下ろしの際にお客様のお手伝いが必要になります<br><br>
<br><br><img alt=""直送についてのご注意"" src=""http://image.rakuten.co.jp/ii-sakura/cabinet/tyokusou20143.jpg"" width=""200"" border=""0""><br><br><!--
<br>
<img src=""http://image.rakuten.co.jp/ii-sakura/cabinet/img59761114.jpg"" border=""0""><br>
-->
<br>
<img src=""http://image.rakuten.co.jp/ii-sakura/cabinet/youki8/sakura-meker.jpg"" border=""0""><br>
<br>
<br>
</p>",###TOTO 幼児用マルチシンク セット品番【SKH300LMRAP】キャビネット:ミルベージュ 500サイズ・立水栓 電気温水器あり 壁給水 壁排水：あいあいショップさくら,###TOTO 幼児用マルチシンク セット品番【SKH300LMRAP】キャビネット:ミルベージュ 500サイズ・立水栓 電気温水器あり 壁給水 壁排水,TOTOおすすめ品\キッズトイレスペース。###TOTO 幼児用マルチシンク セット品番【SKH300LMRAP】キャビネット:ミルベージュ 500サイズ・立水栓 電気温水器あり 壁給水 壁排水[rn]
9-95776,http://tshop.r10s.jp/ii-sakura/cabinet/03033342/03101049/img58837522.jpg?fitin=700:700,16069.6000,,花・ガーデン・DIY > 住宅建材・設備 > トイレ用設備 > その他,TOTO【TS300S1G】幼児用大便器 給水部 タンク用セット金具,TOTOおすすめ品\キッズトイレスペース,"<br><br><!--
<br>
<img src=""http://image.rakuten.co.jp/ii-sakura/cabinet/img59761114.jpg"" border=""0""><br>
-->
<br>
<img src=""http://image.rakuten.co.jp/ii-sakura/cabinet/youki8/sakura-meker.jpg"" border=""0""><br>
<br>
<br>
</p>",TOTO【TS300S1G】幼児用大便器 給水部 タンク用セット金具：あいあいショップさくら,TOTO【TS300S1G】幼児用大便器 給水部 タンク用セット金具,TOTOおすすめ品\キッズトイレスペース。TOTO【TS300S1G】幼児用大便器 給水部 タンク用セット金具[rn]
9-95777,http://tshop.r10s.jp/ii-sakura/cabinet/youki4/skh300lmrap.jpg?fitin=700:700,319617.6000,,花・ガーデン・DIY > 住宅建材・設備 > トイレ用設備 > その他,###TOTO 幼児用マルチシンク セット品番【SKH300HMRAP】キャビネット:ミルベージュ 600サイズ・立水栓 電気温水器あり 壁給水 壁排水,TOTOおすすめ品\キッズトイレスペース,"<font size=""4"" color=""""><b>※こちらの商品はメーカー直送品となります。こちらの商品は代引きでのお取り引きができません、ご入金確認後のお手配になります。</b></font><br><br>●セット内容<br>・陶器部<br>・キャビネット部 ミルベージュ 高さ600mm<br>・給水栓 立水栓 <br>・電気温水器(本体、排水ホッパー) <br>・給水金具(止水栓 (壁) 、フレキホース連結管)<br>・排水金具(壁)<br>※SR2パステルピンクは受注生産品の為、納期約2週となっております。<br>
※幼児用マルチシンクは、必ずキャビネットとセットで設置してください。<br><br>●画像はイメージ画像となります。ご注文の際は、型番、色、寸法等お確かめの上ご注文ください。 <br><br><br>※配送はドライバー1人となります。大型商品の為荷下ろしの際にお客様のお手伝いが必要になります<br><br>
<br><br><img alt=""直送についてのご注意"" src=""http://image.rakuten.co.jp/ii-sakura/cabinet/tyokusou20143.jpg"" width=""200"" border=""0""><br><br><!--
<br>
<img src=""http://image.rakuten.co.jp/ii-sakura/cabinet/img59761114.jpg"" border=""0""><br>
-->
<br>
<img src=""http://image.rakuten.co.jp/ii-sakura/cabinet/youki8/sakura-meker.jpg"" border=""0""><br>
<br>
<br>
</p>",###TOTO 幼児用マルチシンク セット品番【SKH300HMRAP】キャビネット:ミルベージュ 600サイズ・立水栓 電気温水器あり 壁給水 壁排水：あいあいショップさくら,###TOTO 幼児用マルチシンク セット品番【SKH300HMRAP】キャビネット:ミルベージュ 600サイズ・立水栓 電気温水器あり 壁給水 壁排水,TOTOおすすめ品\キッズトイレスペース。###TOTO 幼児用マルチシンク セット品番【SKH300HMRAP】キャビネット:ミルベージュ 600サイズ・立水栓 電気温水器あり 壁給水 壁排水[rn]
9-95778,http://tshop.r10s.jp/ii-sakura/cabinet/youki4/skl300lmap.jpg?fitin=700:700,208617.6000,,花・ガーデン・DIY > 住宅建材・設備 > トイレ用設備 > その他,###TOTO 幼児用マルチシンク セット品番【SKL300HMAP】キャビネット:ミルベージュ 600サイズ・幼児用レバー水栓 壁給水 壁排水,TOTOおすすめ品\キッズトイレスペース,"<font size=""4"" color=""""><b>※こちらの商品はご入金確認後のお手配です。代引きでのお取り扱いはできません。</b></font><br><br>
●セット内容<br>・陶器部<br>・キャビネット部 ミルベージュ 高さ600mm<br>・給水栓 幼児用レバー水栓 <br>・給水金具(止水栓 (壁) 、フレキホース連結管)<br>・排水金具(壁)<br>※SR2パステルピンクは受注生産品の為、納期約2週となっております。<br>
※幼児用マルチシンクは、必ずキャビネットとセットで設置してください。<br><br>●画像はイメージ画像となります。ご注文の際は、型番、色、寸法等お確かめの上ご注文ください。 <br><!--
<br>
<img src=""http://image.rakuten.co.jp/ii-sakura/cabinet/img59761114.jpg"" border=""0""><br>
-->
<br>
<img src=""http://image.rakuten.co.jp/ii-sakura/cabinet/youki8/sakura-meker.jpg"" border=""0""><br>
<br>
<br>
</p>",###TOTO 幼児用マルチシンク セット品番【SKL300HMAP】キャビネット:ミルベージュ 600サイズ・幼児用レバー水栓 壁給水 壁排水：あいあいショップさくら,###TOTO 幼児用マルチシンク セット品番【SKL300HMAP】キャビネット:ミルベージュ 600サイズ・幼児用レバー水栓 壁給水 壁排水,TOTOおすすめ品\キッズトイレスペース。###TOTO 幼児用マルチシンク セット品番【SKL300HMAP】キャビネット:ミルベージュ 600サイズ・幼児用レバー水栓 壁給水 壁排水[rn]
9-95779,http://tshop.r10s.jp/ii-sakura/cabinet/youki4/skl300lwrap.jpg?fitin=700:700,345131.2000,,花・ガーデン・DIY > 住宅建材・設備 > トイレ用設備 > その他,###TOTO 幼児用マルチシンク セット品番【SKL300LWRAS】キャビネット:ホワイト 500サイズ・幼児用レバー水栓 電気温水器あり 壁給水 床排水,TOTOおすすめ品\キッズトイレスペース,"<font size=""4"" color=""""><b>※こちらの商品はメーカー直送品となります。こちらの商品は代引きでのお取り引きができません、ご入金確認後のお手配になります。</b></font><br><br>●セット内容<br>・陶器部<br>・キャビネット部 カラー：ホワイト 高さ500mm<br>・給水栓 幼児用レバー水栓 <br>・電気温水器(本体、排水ホッパー) <br>・給水金具(止水栓 (壁) 、フレキホース連結管)<br>・排水金具(床)<br>※SR2パステルピンクは受注生産品の為、納期約2週となっております。<br>
※幼児用マルチシンクは、必ずキャビネットとセットで設置してください。<br><br>●画像はイメージ画像となります。ご注文の際は、型番、色、寸法等お確かめの上ご注文ください。 <br><br><br>※配送はドライバー1人となります。大型商品の為荷下ろしの際にお客様のお手伝いが必要になります<br><br>
<br><br><img alt=""直送についてのご注意"" src=""http://image.rakuten.co.jp/ii-sakura/cabinet/tyokusou20143.jpg"" width=""200"" border=""0""><br><br><!--
<br>
<img src=""http://image.rakuten.co.jp/ii-sakura/cabinet/img59761114.jpg"" border=""0""><br>
-->
<br>
<img src=""http://image.rakuten.co.jp/ii-sakura/cabinet/youki8/sakura-meker.jpg"" border=""0""><br>
<br>
<br>
</p>",###TOTO 幼児用マルチシンク セット品番【SKL300LWRAS】キャビネット:ホワイト 500サイズ・幼児用レバー水栓 電気温水器あり 壁給水 床排水：あいあいショップさくら,###TOTO 幼児用マルチシンク セット品番【SKL300LWRAS】キャビネット:ホワイト 500サイズ・幼児用レバー水栓 電気温水器あり 壁給水 床排水,TOTOおすすめ品\キッズトイレスペース。###TOTO 幼児用マルチシンク セット品番【SKL300LWRAS】キャビネット:ホワイト 500サイズ・幼児用レバー水栓 電気温水器あり 壁給水 床排水[rn]
9-95780,http://tshop.r10s.jp/ii-sakura/cabinet/youki4/skl300lmap.jpg?fitin=700:700,346584.0000,,花・ガーデン・DIY > 住宅建材・設備 > トイレ用設備 > その他,###TOTO 幼児用マルチシンク セット品番【SKL300LMRBP】キャビネット:ミルベージュ 500サイズ・幼児用レバー水栓 電気温水器あり 床給水 壁排水,TOTOおすすめ品\キッズトイレスペース,"<font size=""4"" color=""""><b>※こちらの商品はメーカー直送品となります。こちらの商品は代引きでのお取り引きができません、ご入金確認後のお手配になります。</b></font><br><br>●セット内容<br>・陶器部<br>・キャビネット部 ミルベージュ 高さ500mm<br>・給水栓 幼児用レバー水栓 <br>・電気温水器(本体、排水ホッパー) <br>・給水金具(止水栓 (床) 、フレキホース連結管)<br>・排水金具(壁)<br>※SR2パステルピンクは受注生産品の為、納期約2週となっております。<br>
※幼児用マルチシンクは、必ずキャビネットとセットで設置してください。<br><br>●画像はイメージ画像となります。ご注文の際は、型番、色、寸法等お確かめの上ご注文ください。 <br><br><br>※配送はドライバー1人となります。大型商品の為荷下ろしの際にお客様のお手伝いが必要になります<br><br>
<br><br><img alt=""直送についてのご注意"" src=""http://image.rakuten.co.jp/ii-sakura/cabinet/tyokusou20143.jpg"" width=""200"" border=""0""><br><br><!--
<br>
<img src=""http://image.rakuten.co.jp/ii-sakura/cabinet/img59761114.jpg"" border=""0""><br>
-->
<br>
<img src=""http://image.rakuten.co.jp/ii-sakura/cabinet/youki8/sakura-meker.jpg"" border=""0""><br>
<br>
<br>
</p>",###TOTO 幼児用マルチシンク セット品番【SKL300LMRBP】キャビネット:ミルベージュ 500サイズ・幼児用レバー水栓 電気温水器あり 床給水 壁排水：あいあいショップさくら,###TOTO 幼児用マルチシンク セット品番【SKL300LMRBP】キャビネット:ミルベージュ 500サイズ・幼児用レバー水栓 電気温水器あり 床給水 壁排水,TOTOおすすめ品\キッズトイレスペース。###TOTO 幼児用マルチシンク セット品番【SKL300LMRBP】キャビネット:ミルベージュ 500サイズ・幼児用レバー水栓 電気温水器あり 床給水 壁排水[rn]
9-95781,http://tshop.r10s.jp/ii-sakura/cabinet/youki4/skl300lwrap.jpg?fitin=700:700,350228.8000,,花・ガーデン・DIY > 住宅建材・設備 > トイレ用設備 > その他,###TOTO 幼児用マルチシンク セット品番【SKL300HWRAS】キャビネット:ホワイト 600サイズ・幼児用レバー水栓 電気温水器あり 壁給水 床排水,TOTOおすすめ品\キッズトイレスペース,"<font size=""4"" color=""""><b>※こちらの商品はメーカー直送品となります。こちらの商品は代引きでのお取り引きができません、ご入金確認後のお手配になります。</b></font><br><br>●セット内容<br>・陶器部<br>・キャビネット部 カラー：ホワイト 高さ600mm<br>・給水栓 幼児用レバー水栓 <br>・電気温水器(本体、排水ホッパー) <br>・給水金具(止水栓 (壁) 、フレキホース連結管)<br>・排水金具(床)<br>※SR2パステルピンクは受注生産品の為、納期約2週となっております。<br>
※幼児用マルチシンクは、必ずキャビネットとセットで設置してください。<br><br>●画像はイメージ画像となります。ご注文の際は、型番、色、寸法等お確かめの上ご注文ください。 <br><br><br>※配送はドライバー1人となります。大型商品の為荷下ろしの際にお客様のお手伝いが必要になります<br><br>
<br><br><img alt=""直送についてのご注意"" src=""http://image.rakuten.co.jp/ii-sakura/cabinet/tyokusou20143.jpg"" width=""200"" border=""0""><br><br><!--
<br>
<img src=""http://image.rakuten.co.jp/ii-sakura/cabinet/img59761114.jpg"" border=""0""><br>
-->
<br>
<img src=""http://image.rakuten.co.jp/ii-sakura/cabinet/youki8/sakura-meker.jpg"" border=""0""><br>
<br>
<br>
</p>",###TOTO 幼児用マルチシンク セット品番【SKL300HWRAS】キャビネット:ホワイト 600サイズ・幼児用レバー水栓 電気温水器あり 壁給水 床排水：あいあいショップさくら,###TOTO 幼児用マルチシンク セット品番【SKL300HWRAS】キャビネット:ホワイト 600サイズ・幼児用レバー水栓 電気温水器あり 壁給水 床排水,TOTOおすすめ品\キッズトイレスペース。###TOTO 幼児用マルチシンク セット品番【SKL300HWRAS】キャビネット:ホワイト 600サイズ・幼児用レバー水栓 電気温水器あり 壁給水 床排水[rn]
9-95782,http://tshop.r10s.jp/ii-sakura/cabinet/kotomi4/t110d55.jpg?fitin=700:700,699.2000,,花・ガーデン・DIY > 住宅建材・設備 > トイレ用設備 > その他,TOTO【T110D55】手すり取付金具 固定金具 コーチねじ (φ6×30),TOTOおすすめ品\キッズトイレスペース,"<br><br><!--
<br>
<img src=""http://image.rakuten.co.jp/ii-sakura/cabinet/img59761114.jpg"" border=""0""><br>
-->
<br>
<img src=""http://image.rakuten.co.jp/ii-sakura/cabinet/youki8/sakura-meker.jpg"" border=""0""><br>
<br>
<br>
</p>",TOTO【T110D55】手すり取付金具 固定金具 コーチねじ (φ6&times;30)：あいあいショップさくら,TOTO【T110D55】手すり取付金具 固定金具 コーチねじ (φ6&times;30),TOTOおすすめ品\キッズトイレスペース。TOTO【T110D55】手すり取付金具 固定金具 コーチねじ (φ6&times;30)[rn]
9-95783,http://tshop.r10s.jp/ii-sakura/cabinet/youki4/skh300lmrap.jpg?fitin=700:700,315845.6000,,花・ガーデン・DIY > 住宅建材・設備 > トイレ用設備 > その他,###TOTO 幼児用マルチシンク セット品番【SKH300LMRAS】キャビネット:ミルベージュ 500サイズ・立水栓 電気温水器あり 壁給水 床排水,TOTOおすすめ品\キッズトイレスペース,"<font size=""4"" color=""""><b>※こちらの商品はメーカー直送品となります。こちらの商品は代引きでのお取り引きができません、ご入金確認後のお手配になります。</b></font><br><br>●セット内容<br>・陶器部<br>・キャビネット部 ミルベージュ 高さ500mm<br>・給水栓 立水栓 <br>・電気温水器(本体、排水ホッパー) <br>・給水金具(止水栓 (壁) 、フレキホース連結管)<br>・排水金具(床)<br>※SR2パステルピンクは受注生産品の為、納期約2週となっております。<br>
※幼児用マルチシンクは、必ずキャビネットとセットで設置してください。<br><br>●画像はイメージ画像となります。ご注文の際は、型番、色、寸法等お確かめの上ご注文ください。 <br><br><br>※配送はドライバー1人となります。大型商品の為荷下ろしの際にお客様のお手伝いが必要になります<br><br>
<br><br><img alt=""直送についてのご注意"" src=""http://image.rakuten.co.jp/ii-sakura/cabinet/tyokusou20143.jpg"" width=""200"" border=""0""><br><br><!--
<br>
<img src=""http://image.rakuten.co.jp/ii-sakura/cabinet/img59761114.jpg"" border=""0""><br>
-->
<br>
<img src=""http://image.rakuten.co.jp/ii-sakura/cabinet/youki8/sakura-meker.jpg"" border=""0""><br>
<br>
<br>
</p>",###TOTO 幼児用マルチシンク セット品番【SKH300LMRAS】キャビネット:ミルベージュ 500サイズ・立水栓 電気温水器あり 壁給水 床排水：あいあいショップさくら,###TOTO 幼児用マルチシンク セット品番【SKH300LMRAS】キャビネット:ミルベージュ 500サイズ・立水栓 電気温水器あり 壁給水 床排水,TOTOおすすめ品\キッズトイレスペース。###TOTO 幼児用マルチシンク セット品番【SKH300LMRAS】キャビネット:ミルベージュ 500サイズ・立水栓 電気温水器あり 壁給水 床排水[rn]
9-95784,http://tshop.r10s.jp/ii-sakura/cabinet/youki4/skh300lmrap.jpg?fitin=700:700,318624.0000,,花・ガーデン・DIY > 住宅建材・設備 > トイレ用設備 > その他,###TOTO 幼児用マルチシンク セット品番【SKH300LMRBS】キャビネット:ミルベージュ 500サイズ・立水栓 電気温水器あり 床給水 床排水,TOTOおすすめ品\キッズトイレスペース,"<font size=""4"" color=""""><b>※こちらの商品はメーカー直送品となります。こちらの商品は代引きでのお取り引きができません、ご入金確認後のお手配になります。</b></font><br><br>●セット内容<br>・陶器部<br>・キャビネット部 ミルベージュ 高さ500mm<br>・給水栓 立水栓 <br>・電気温水器(本体、排水ホッパー) <br>・給水金具(止水栓 (床) 、フレキホース連結管)<br>・排水金具(床)<br>※SR2パステルピンクは受注生産品の為、納期約2週となっております。<br>
※幼児用マルチシンクは、必ずキャビネットとセットで設置してください。<br><br>●画像はイメージ画像となります。ご注文の際は、型番、色、寸法等お確かめの上ご注文ください。 <br><br><br>※配送はドライバー1人となります。大型商品の為荷下ろしの際にお客様のお手伝いが必要になります<br><br>
<br><br><img alt=""直送についてのご注意"" src=""http://image.rakuten.co.jp/ii-sakura/cabinet/tyokusou20143.jpg"" width=""200"" border=""0""><br><br><!--
<br>
<img src=""http://image.rakuten.co.jp/ii-sakura/cabinet/img59761114.jpg"" border=""0""><br>
-->
<br>
<img src=""http://image.rakuten.co.jp/ii-sakura/cabinet/youki8/sakura-meker.jpg"" border=""0""><br>
<br>
<br>
</p>",###TOTO 幼児用マルチシンク セット品番【SKH300LMRBS】キャビネット:ミルベージュ 500サイズ・立水栓 電気温水器あり 床給水 床排水：あいあいショップさくら,###TOTO 幼児用マルチシンク セット品番【SKH300LMRBS】キャビネット:ミルベージュ 500サイズ・立水栓 電気温水器あり 床給水 床排水,TOTOおすすめ品\キッズトイレスペース。###TOTO 幼児用マルチシンク セット品番【SKH300LMRBS】キャビネット:ミルベージュ 500サイズ・立水栓 電気温水器あり 床給水 床排水[rn]
9-95785,http://tshop.r10s.jp/ii-sakura/cabinet/kotomi4/cs310b.jpg?fitin=700:700,19879.2000,,花・ガーデン・DIY > 住宅建材・設備 > トイレ用設備 > その他,###TOTO【CS310B】本体のみ キッズトイレ 幼児用腰掛式大便器 (1-2歳児向け),TOTOおすすめ品\キッズトイレスペース,"<font size=""4"" color=""""><b>※こちらの商品はご入金確認後のお手配です。代引きでのお取り扱いはできません。</b></font><br><br><br><b>※大便器のみのお手配となります。</b><br>
対応便器　幼児用大便器（CS300B、CS310B）<br>
便器標準洗浄水　量大6L、小5L<br>
最低必要水圧（流動時）　0.07MPa以上<br>
最高水圧（静止時）　0.75MPa<br>
カバー外寸　自動フラッシュバルブ：132×92×224<br>
電源　AC100V　50／60Hz<br>
消費電力　1Ｗ以下<br>
信号線長さ　６ｍ<br>
電源コード長さ　自動フラッシュバルブ：電源直結<br>
設備保護洗浄　24時間洗浄がない場合は自動洗浄します。入／切　切替可能（工場出荷時：入）<br>
給水接続部　25A（ねじサイズ：R1）<br>
使用温度範囲　1?40℃<br>
使用水　TEFV10YUHの場合：水道水のみ<br>TEFV20YUHの場合：水道水・井戸水・再生水・雑用水<br><br><!--
<br>
<img src=""http://image.rakuten.co.jp/ii-sakura/cabinet/img59761114.jpg"" border=""0""><br>
-->
<br>
<img src=""http://image.rakuten.co.jp/ii-sakura/cabinet/youki8/sakura-meker.jpg"" border=""0""><br>
<br>
<br>
</p>",###TOTO【CS310B】本体のみ キッズトイレ 幼児用腰掛式大便器 (1-2歳児向け)：あいあいショップさくら,###TOTO【CS310B】本体のみ キッズトイレ 幼児用腰掛式大便器 (1-2歳児向け),TOTOおすすめ品\キッズトイレスペース。###TOTO【CS310B】本体のみ キッズトイレ 幼児用腰掛式大便器 (1-2歳児向け)[rn]
9-95786,http://tshop.r10s.jp/ii-sakura/cabinet/03033342/03101049/img58837522.jpg?fitin=700:700,15032.8000,,花・ガーデン・DIY > 住宅建材・設備 > トイレ用設備 > その他,TOTO【TS300SG】幼児用大便器 給水部 タンク用セット金具,TOTOおすすめ品\キッズトイレスペース,"<br><br><!--
<br>
<img src=""http://image.rakuten.co.jp/ii-sakura/cabinet/img59761114.jpg"" border=""0""><br>
-->
<br>
<img src=""http://image.rakuten.co.jp/ii-sakura/cabinet/youki8/sakura-meker.jpg"" border=""0""><br>
<br>
<br>
</p>",TOTO【TS300SG】幼児用大便器 給水部 タンク用セット金具：あいあいショップさくら,TOTO【TS300SG】幼児用大便器 給水部 タンク用セット金具,TOTOおすすめ品\キッズトイレスペース。TOTO【TS300SG】幼児用大便器 給水部 タンク用セット金具[rn]
9-95787,http://tshop.r10s.jp/ii-sakura/cabinet/kotomi4/u310.jpg?fitin=700:700,33642.4000,,花・ガーデン・DIY > 住宅建材・設備 > トイレ用設備 > その他,###TOTO【U310】本体のみ キッズトイレ 幼児用小便器,TOTOおすすめ品\キッズトイレスペース,"<font size=""4"" color=""""><b>※こちらの商品はご入金確認後のお手配です。代引きでのお取り扱いはできません。</b></font><br><br><br>※<b>小便器のみのお手配となります。</b><br><!--
<br>
<img src=""http://image.rakuten.co.jp/ii-sakura/cabinet/img59761114.jpg"" border=""0""><br>
-->
<br>
<img src=""http://image.rakuten.co.jp/ii-sakura/cabinet/youki8/sakura-meker.jpg"" border=""0""><br>
<br>
<br>
</p>",###TOTO【U310】本体のみ キッズトイレ 幼児用小便器：あいあいショップさくら,###TOTO【U310】本体のみ キッズトイレ 幼児用小便器,TOTOおすすめ品\キッズトイレスペース。###TOTO【U310】本体のみ キッズトイレ 幼児用小便器[rn]
9-95788,http://tshop.r10s.jp/ii-sakura/cabinet/youki4/skl300lwrap.jpg?fitin=700:700,203520.0000,,花・ガーデン・DIY > 住宅建材・設備 > トイレ用設備 > その他,###TOTO 幼児用マルチシンク セット品番【SKL300LWAP】キャビネット:ホワイト 500サイズ・幼児用レバー水栓 壁給水 壁排水,TOTOおすすめ品\キッズトイレスペース,"<font size=""4"" color=""""><b>※こちらの商品はご入金確認後のお手配です。代引きでのお取り扱いはできません。</b></font><br><br>
●セット内容<br>・陶器部<br>・キャビネット部 カラー：ホワイト 高さ500mm<br>・給水栓 幼児用レバー水栓 <br>・給水金具(止水栓 (壁) 、フレキホース連結管)<br>・排水金具(壁)<br>※SR2パステルピンクは受注生産品の為、納期約2週となっております。<br>
※幼児用マルチシンクは、必ずキャビネットとセットで設置してください。<br><br>●画像はイメージ画像となります。ご注文の際は、型番、色、寸法等お確かめの上ご注文ください。 <br><!--
<br>
<img src=""http://image.rakuten.co.jp/ii-sakura/cabinet/img59761114.jpg"" border=""0""><br>
-->
<br>
<img src=""http://image.rakuten.co.jp/ii-sakura/cabinet/youki8/sakura-meker.jpg"" border=""0""><br>
<br>
<br>
</p>",###TOTO 幼児用マルチシンク セット品番【SKL300LWAP】キャビネット:ホワイト 500サイズ・幼児用レバー水栓 壁給水 壁排水：あいあいショップさくら,###TOTO 幼児用マルチシンク セット品番【SKL300LWAP】キャビネット:ホワイト 500サイズ・幼児用レバー水栓 壁給水 壁排水,TOTOおすすめ品\キッズトイレスペース。###TOTO 幼児用マルチシンク セット品番【SKL300LWAP】キャビネット:ホワイト 500サイズ・幼児用レバー水栓 壁給水 壁排水[rn]
9-95789,http://tshop.r10s.jp/ii-sakura/cabinet/youki4/skl300lwrap.jpg?fitin=700:700,213664.0000,,花・ガーデン・DIY > 住宅建材・設備 > トイレ用設備 > その他,###TOTO 幼児用マルチシンク セット品番【SKL300HWBP】キャビネット:ホワイト 600サイズ・幼児用レバー水栓 床給水 壁排水,TOTOおすすめ品\キッズトイレスペース,"<font size=""4"" color=""""><b>※こちらの商品はご入金確認後のお手配です。代引きでのお取り扱いはできません。</b></font><br><br>
●セット内容<br>・陶器部<br>・キャビネット部 カラー：ホワイト 高さ600mm<br>・給水栓 幼児用レバー水栓 <br>・給水金具(止水栓 (床) 、フレキホース連結管)<br>・排水金具(壁)<br>※SR2パステルピンクは受注生産品の為、納期約2週となっております。<br>
※幼児用マルチシンクは、必ずキャビネットとセットで設置してください。<br><br>●画像はイメージ画像となります。ご注文の際は、型番、色、寸法等お確かめの上ご注文ください。 <br><!--
<br>
<img src=""http://image.rakuten.co.jp/ii-sakura/cabinet/img59761114.jpg"" border=""0""><br>
-->
<br>
<img src=""http://image.rakuten.co.jp/ii-sakura/cabinet/youki8/sakura-meker.jpg"" border=""0""><br>
<br>
<br>
</p>",###TOTO 幼児用マルチシンク セット品番【SKL300HWBP】キャビネット:ホワイト 600サイズ・幼児用レバー水栓 床給水 壁排水：あいあいショップさくら,###TOTO 幼児用マルチシンク セット品番【SKL300HWBP】キャビネット:ホワイト 600サイズ・幼児用レバー水栓 床給水 壁排水,TOTOおすすめ品\キッズトイレスペース。###TOTO 幼児用マルチシンク セット品番【SKL300HWBP】キャビネット:ホワイト 600サイズ・幼児用レバー水栓 床給水 壁排水[rn]
9-95790,http://tshop.r10s.jp/ii-sakura/cabinet/youki4/skl300lmap.jpg?fitin=700:700,208184.0000,,花・ガーデン・DIY > 住宅建材・設備 > トイレ用設備 > その他,###TOTO 幼児用マルチシンク セット品番【SKL300LMBP】キャビネット:ミルベージュ 500サイズ・幼児用レバー水栓 床給水 壁排水,TOTOおすすめ品\キッズトイレスペース,"<font size=""4"" color=""""><b>※こちらの商品はご入金確認後のお手配です。代引きでのお取り扱いはできません。</b></font><br><br>
●セット内容<br>・陶器部<br>・キャビネット部 ミルベージュ 高さ500mm<br>・給水栓 幼児用レバー水栓 <br>・給水金具(止水栓 (床) 、フレキホース連結管)<br>・排水金具(壁)<br>※SR2パステルピンクは受注生産品の為、納期約2週となっております。<br>
※幼児用マルチシンクは、必ずキャビネットとセットで設置してください。<br><br>●画像はイメージ画像となります。ご注文の際は、型番、色、寸法等お確かめの上ご注文ください。 <br><!--
<br>
<img src=""http://image.rakuten.co.jp/ii-sakura/cabinet/img59761114.jpg"" border=""0""><br>
-->
<br>
<img src=""http://image.rakuten.co.jp/ii-sakura/cabinet/youki8/sakura-meker.jpg"" border=""0""><br>
<br>
<br>
</p>",###TOTO 幼児用マルチシンク セット品番【SKL300LMBP】キャビネット:ミルベージュ 500サイズ・幼児用レバー水栓 床給水 壁排水：あいあいショップさくら,###TOTO 幼児用マルチシンク セット品番【SKL300LMBP】キャビネット:ミルベージュ 500サイズ・幼児用レバー水栓 床給水 壁排水,TOTOおすすめ品\キッズトイレスペース。###TOTO 幼児用マルチシンク セット品番【SKL300LMBP】キャビネット:ミルベージュ 500サイズ・幼児用レバー水栓 床給水 壁排水[rn]
9-95791,http://tshop.r10s.jp/ii-sakura/cabinet/youki4/ewc703.jpg?fitin=700:700,23044.0000,,花・ガーデン・DIY > 住宅建材・設備 > トイレ用設備 > その他,TOTO トイレ用手すり【EWC703】アームレスト 750mm,TOTOおすすめ品\インテリアバー・手すり,"ひじ掛けいすの感覚で使用できるトイレ用のアームレストです。<br>
リラックスした姿勢が保て、立ち座りの際にも便利です<br>
<br>
●アームレストはデザイン性の高いなだらかな曲線形状です<br>
●はね上げ式のため、掃除の際などじゃまになりません<br>
●楽な姿勢でリラックスできるひじ掛けは、腕やてのひらがそっとフィットする形状です<br>
●ローシルエット便器にもなじむスッキリデザイン<br><!--
<br>
<img src=""http://image.rakuten.co.jp/ii-sakura/cabinet/img59761114.jpg"" border=""0""><br>
-->
<br>
<img src=""http://image.rakuten.co.jp/ii-sakura/cabinet/youki8/sakura-meker.jpg"" border=""0""><br>
<br>
<br>
</p>",TOTO トイレ用手すり【EWC703】アームレスト 750mm：あいあいショップさくら,TOTO トイレ用手すり【EWC703】アームレスト 750mm,TOTOおすすめ品\インテリアバー・手すり。TOTO トイレ用手すり【EWC703】アームレスト 750mm[rn]
9-95792,http://tshop.r10s.jp/ii-sakura/cabinet/youki4/tev20uh.jpg?fitin=700:700,90208.0000,,花・ガーデン・DIY > 住宅建材・設備 > トイレ用設備 > その他,TOTO CS464・465系専用給水金具【TEV20UH】オートクリーンC コンビネーションタイプ 露出タイプ 壁給水 再生水,TOTOおすすめ品\大便器用関連器具,"※※スイッチユニット有線タイプが別途必要です。<br>
無線スイッチタイプとセットしたい場合は、電波受信ユニットが別途必要です。埋込タイプには使用できません。<br>※右給水・左給水に対応できます<br><!--
<br>
<img src=""http://image.rakuten.co.jp/ii-sakura/cabinet/img59761114.jpg"" border=""0""><br>
-->
<br>
<img src=""http://image.rakuten.co.jp/ii-sakura/cabinet/youki8/sakura-meker.jpg"" border=""0""><br>
<br>
<br>
</p>",TOTO CS464・465系専用給水金具【TEV20UH】オートクリーンC コンビネーションタイプ 露出タイプ 壁給水 再生水：あいあいショップさくら,TOTO CS464・465系専用給水金具【TEV20UH】オートクリーンC コンビネーションタイプ 露出タイプ 壁給水 再生水,TOTOおすすめ品\大便器用関連器具。TOTO CS464・465系専用給水金具【TEV20UH】オートクリーンC コンビネーションタイプ 露出タイプ 壁給水 再生水[rn]
9-95793,http://tshop.r10s.jp/ii-sakura/cabinet/youki4/tefv75u.jpg?fitin=700:700,108344.8000,,花・ガーデン・DIY > 住宅建材・設備 > トイレ用設備 > その他,TOTO【TEFV75U】自動バルブユニット 標準品 左給水,TOTOおすすめ品\大便器用関連器具,"●画像はイメージ画像となります。ご注文の際は、型番、色、寸法等お確かめの上ご注文ください。 <br><!--
<br>
<img src=""http://image.rakuten.co.jp/ii-sakura/cabinet/img59761114.jpg"" border=""0""><br>
-->
<br>
<img src=""http://image.rakuten.co.jp/ii-sakura/cabinet/youki8/sakura-meker.jpg"" border=""0""><br>
<br>
<br>
</p>",TOTO【TEFV75U】自動バルブユニット 標準品 左給水：あいあいショップさくら,TOTO【TEFV75U】自動バルブユニット 標準品 左給水,TOTOおすすめ品\大便器用関連器具。TOTO【TEFV75U】自動バルブユニット 標準品 左給水[rn]
9-95794,http://tshop.r10s.jp/ii-sakura/cabinet/youki7/he35j.jpg?fitin=700:700,37254.4000,,花・ガーデン・DIY > 住宅建材・設備 > トイレ用設備 > その他,TOTO リモコン便器洗浄ユニット(操作系JIS対応品)【HE15J】受信ユニット付き,TOTOおすすめ品\大便器用関連器具,"<br>※有線タッチスイッチによる便器洗浄となり、大洗浄のみです。<br>
●浴室など水がかかったり湿気が多い場所には設置しないでください。感電や故障の原因になります。<br>
●水での丸洗いはしないでください。感電や故障の原因になります。<br>
●電源は交流100Vを使用してください。火災や故障の原因になります。<br>
●右レバー専用品です。<br>
●0℃以上の環境下で使用してください。<br>
<br><!--
<br>
<img src=""http://image.rakuten.co.jp/ii-sakura/cabinet/img59761114.jpg"" border=""0""><br>
-->
<br>
<img src=""http://image.rakuten.co.jp/ii-sakura/cabinet/youki8/sakura-meker.jpg"" border=""0""><br>
<br>
<br>
</p>",TOTO リモコン便器洗浄ユニット(操作系JIS対応品)【HE15J】受信ユニット付き：あいあいショップさくら,TOTO リモコン便器洗浄ユニット(操作系JIS対応品)【HE15J】受信ユニット付き,TOTOおすすめ品\大便器用関連器具。TOTO リモコン便器洗浄ユニット(操作系JIS対応品)【HE15J】受信ユニット付き[rn]
9-95795,http://tshop.r10s.jp/ii-sakura/cabinet/01119730/ts40l-r1.jpg?fitin=700:700,762.4000,,花・ガーデン・DIY > 住宅建材・設備 > トイレ用設備 > その他,TOTO 大便器用関連器具【TS40L】洗浄管,,"<!--
<br>
<img src=""http://image.rakuten.co.jp/ii-sakura/cabinet/img59761114.jpg"" border=""0""><br>
-->
<br>
<img src=""http://image.rakuten.co.jp/ii-sakura/cabinet/youki8/sakura-meker.jpg"" border=""0""><br>
<br>
<br>
</p>",TOTO 大便器用関連器具【TS40L】洗浄管：あいあいショップさくら,TOTO 大便器用関連器具【TS40L】洗浄管,TOTO 大便器用関連器具【TS40L】洗浄管[rn]
9-95796,http://tshop.r10s.jp/ii-sakura/cabinet/youki4/tev10uc.jpg?fitin=700:700,55406.4000,,花・ガーデン・DIY > 住宅建材・設備 > トイレ用設備 > その他,TOTO CS464・465系専用給水金具【TEV10UC】オートクリーンC コンビネーションタイプ 露出タイプ 床給水 水道水 大小切り替え洗浄・自動洗浄なし,TOTOおすすめ品\大便器用関連器具,"※※スイッチユニット有線タイプが別途必要です。<br>
無線スイッチタイプとセットしたい場合は、電波受信ユニットが別途必要です。埋込タイプには使用できません。<br>※右給水・左給水に対応できます<br><!--
<br>
<img src=""http://image.rakuten.co.jp/ii-sakura/cabinet/img59761114.jpg"" border=""0""><br>
-->
<br>
<img src=""http://image.rakuten.co.jp/ii-sakura/cabinet/youki8/sakura-meker.jpg"" border=""0""><br>
<br>
<br>
</p>",TOTO CS464・465系専用給水金具【TEV10UC】オートクリーンC コンビネーションタイプ 露出タイプ 床給水 水道水 大小切り替え洗浄・自動洗浄なし：あいあいショップさくら,TOTO CS464・465系専用給水金具【TEV10UC】オートクリーンC コンビネーションタイプ 露出タイプ 床給水 水道水 大小切り替え洗浄・自動洗浄なし,TOTOおすすめ品\大便器用関連器具。TOTO CS464・465系専用給水金具【TEV10UC】オートクリーンC コンビネーションタイプ 露出タイプ 床給水 水道水 大小切り替え洗浄・自動洗浄なし[rn]
9-95797,http://tshop.r10s.jp/ii-sakura/cabinet/fukuchi2/tev40uc.jpg?fitin=700:700,93311.2000,,花・ガーデン・DIY > 住宅建材・設備 > トイレ用設備 > その他,###TOTO CS494系専用給水金具【TEV40UC】オートクリーンC コンビネーションタイプ 露出タイプ 床給水 再生水 大小切り替え洗浄・自動洗浄なし 受注生産,TOTOおすすめ品\大便器用関連器具,"<font size=""4"" color=""#ff00ff""><b>受注生産品</b>(納期約3週間)</font><br><br>
<font size=""4"" color=""""><b>※こちらの商品はご入金確認後のお手配です。代引きでのお取り扱いはできません。</b></font><br><br>
<br><b>※コンビネーションタイプはスイッチユニットが別途必要です。</b><br><br><br>
<br><font size=""4""><b>※商品画像は代表型番のイメージです。型番通りのお手配になります。（色・形）等、確認の上ご注文下さい。</b></font><br><!--
<br>
<img src=""http://image.rakuten.co.jp/ii-sakura/cabinet/img59761114.jpg"" border=""0""><br>
-->
<br>
<img src=""http://image.rakuten.co.jp/ii-sakura/cabinet/youki8/sakura-meker.jpg"" border=""0""><br>
<br>
<br>
</p>",###TOTO CS494系専用給水金具【TEV40UC】オートクリーンC コンビネーションタイプ 露出タイプ 床給水 再生水 大小切り替え洗浄・自動洗浄なし 受注生産：あいあいショップさくら,###TOTO CS494系専用給水金具【TEV40UC】オートクリーンC コンビネーションタイプ 露出タイプ 床給水 再生水 大小切り替え洗浄・自動洗浄なし 受注生産,TOTOおすすめ品\大便器用関連器具。###TOTO CS494系専用給水金具【TEV40UC】オートクリーンC コンビネーションタイプ 露出タイプ 床給水 再生水 大小切り替え洗浄・自動洗浄なし 受注生産[rn]
9-95798,http://tshop.r10s.jp/ii-sakura/cabinet/youki4/tev20e.jpg?fitin=700:700,83339.2000,,花・ガーデン・DIY > 住宅建材・設備 > トイレ用設備 > その他,TOTO CS464・465系専用給水金具【TEV20E】オートクリーンC ウォシュレット連動タイプ 壁給水 再生水,TOTOおすすめ品\大便器用関連器具,"※※スイッチユニット有線タイプが別途必要です。<br>
無線スイッチタイプとセットしたい場合は、電波受信ユニットが別途必要です。埋込タイプには使用できません。<br>※右給水・左給水に対応できます<br><!--
<br>
<img src=""http://image.rakuten.co.jp/ii-sakura/cabinet/img59761114.jpg"" border=""0""><br>
-->
<br>
<img src=""http://image.rakuten.co.jp/ii-sakura/cabinet/youki8/sakura-meker.jpg"" border=""0""><br>
<br>
<br>
</p>",TOTO CS464・465系専用給水金具【TEV20E】オートクリーンC ウォシュレット連動タイプ 壁給水 再生水：あいあいショップさくら,TOTO CS464・465系専用給水金具【TEV20E】オートクリーンC ウォシュレット連動タイプ 壁給水 再生水,TOTOおすすめ品\大便器用関連器具。TOTO CS464・465系専用給水金具【TEV20E】オートクリーンC ウォシュレット連動タイプ 壁給水 再生水[rn]
9-95799,http://tshop.r10s.jp/ii-sakura/cabinet/fukuchi2/tev20uc.jpg?fitin=700:700,93311.2000,,花・ガーデン・DIY > 住宅建材・設備 > トイレ用設備 > その他,###TOTO CS464・CS465系専用給水金具【TEV20UC】オートクリーンC コンビネーションタイプ 大小切り替え洗浄・自動洗浄なし 受注生産,TOTOおすすめ品\大便器用関連器具,"<font size=""4"" color=""#ff00ff""><b>受注生産品</b>(納期約3週間)</font><br><br>
<font size=""4"" color=""""><b>※こちらの商品はご入金確認後のお手配です。代引きでのお取り扱いはできません。</b></font><br><br>
<br><b>※コンビネーションタイプはスイッチユニットが別途必要です。</b><br>
<br><b>露出タイプ 床給水 再生水</b><br><br><br>
<br><font size=""4""><b>※商品画像は代表型番のイメージです。型番通りのお手配になります。（色・形）等、確認の上ご注文下さい。</b></font><br><!--
<br>
<img src=""http://image.rakuten.co.jp/ii-sakura/cabinet/img59761114.jpg"" border=""0""><br>
-->
<br>
<img src=""http://image.rakuten.co.jp/ii-sakura/cabinet/youki8/sakura-meker.jpg"" border=""0""><br>
<br>
<br>
</p>",###TOTO CS464・CS465系専用給水金具【TEV20UC】オートクリーンC コンビネーションタイプ 大小切り替え洗浄・自動洗浄なし 受注生産：あいあいショップさくら,###TOTO CS464・CS465系専用給水金具【TEV20UC】オートクリーンC コンビネーションタイプ 大小切り替え洗浄・自動洗浄なし 受注生産,TOTOおすすめ品\大便器用関連器具。###TOTO CS464・CS465系専用給水金具【TEV20UC】オートクリーンC コンビネーションタイプ 大小切り替え洗浄・自動洗浄なし 受注生産[rn]
9-95800,http://tshop.r10s.jp/ii-sakura/cabinet/youki4/tev10ec.jpg?fitin=700:700,56322.4000,,花・ガーデン・DIY > 住宅建材・設備 > トイレ用設備 > その他,TOTO CS464・465系専用給水金具【TEV10EC】オートクリーンC ウォシュレット連動タイプ 床給水 水道水,TOTOおすすめ品\大便器用関連器具,"※※スイッチユニット有線タイプが別途必要です。<br>
無線スイッチタイプとセットしたい場合は、電波受信ユニットが別途必要です。埋込タイプには使用できません。<br>※右給水・左給水に対応できます<br><!--
<br>
<img src=""http://image.rakuten.co.jp/ii-sakura/cabinet/img59761114.jpg"" border=""0""><br>
-->
<br>
<img src=""http://image.rakuten.co.jp/ii-sakura/cabinet/youki8/sakura-meker.jpg"" border=""0""><br>
<br>
<br>
</p>",TOTO CS464・465系専用給水金具【TEV10EC】オートクリーンC ウォシュレット連動タイプ 床給水 水道水：あいあいショップさくら,TOTO CS464・465系専用給水金具【TEV10EC】オートクリーンC ウォシュレット連動タイプ 床給水 水道水,TOTOおすすめ品\大便器用関連器具。TOTO CS464・465系専用給水金具【TEV10EC】オートクリーンC ウォシュレット連動タイプ 床給水 水道水[rn]
9-95801,http://tshop.r10s.jp/ii-sakura/cabinet/01119730/ualn11na12ww-r1.jpg?fitin=700:700,96720.8000,,花・ガーデン・DIY > 住宅建材・設備 > トイレ用設備 > その他,TOTO 大便器用関連器具【UALN11NA12WW】RESTROOM ITEM 01専用ライニング　小便器用,,"<font size=""4"">受注生産品</font><br><br>※ライニング側面仕上げは実際にありません。<!--
<br>
<img src=""http://image.rakuten.co.jp/ii-sakura/cabinet/img59761114.jpg"" border=""0""><br>
-->
<br>
<img src=""http://image.rakuten.co.jp/ii-sakura/cabinet/youki8/sakura-meker.jpg"" border=""0""><br>
<br>
<br>
</p>",TOTO 大便器用関連器具【UALN11NA12WW】RESTROOM ITEM 01専用ライニング　小便器用：あいあいショップさくら,TOTO 大便器用関連器具【UALN11NA12WW】RESTROOM ITEM 01専用ライニング　小便器用,TOTO 大便器用関連器具【UALN11NA12WW】RESTROOM ITEM 01専用ライニング　小便器用[rn]
9-95802,http://tshop.r10s.jp/ii-sakura/cabinet/youki4/tev10uhc.jpg?fitin=700:700,63191.2000,,花・ガーデン・DIY > 住宅建材・設備 > トイレ用設備 > その他,TOTO CS464・465系専用給水金具【TEV10UHC】オートクリーンC コンビネーションタイプ 露出タイプ 床給水 水道水,TOTOおすすめ品\大便器用関連器具,"※※スイッチユニット有線タイプが別途必要です。<br>
無線スイッチタイプとセットしたい場合は、電波受信ユニットが別途必要です。埋込タイプには使用できません。<br>※右給水・左給水に対応できます<br><!--
<br>
<img src=""http://image.rakuten.co.jp/ii-sakura/cabinet/img59761114.jpg"" border=""0""><br>
-->
<br>
<img src=""http://image.rakuten.co.jp/ii-sakura/cabinet/youki8/sakura-meker.jpg"" border=""0""><br>
<br>
<br>
</p>",TOTO CS464・465系専用給水金具【TEV10UHC】オートクリーンC コンビネーションタイプ 露出タイプ 床給水 水道水：あいあいショップさくら,TOTO CS464・465系専用給水金具【TEV10UHC】オートクリーンC コンビネーションタイプ 露出タイプ 床給水 水道水,TOTOおすすめ品\大便器用関連器具。TOTO CS464・465系専用給水金具【TEV10UHC】オートクリーンC コンビネーションタイプ 露出タイプ 床給水 水道水[rn]
9-95803,http://tshop.r10s.jp/ii-sakura/cabinet/fukuchi2/tsf290b1d.jpg?fitin=700:700,3732.0000,,花・ガーデン・DIY > 住宅建材・設備 > トイレ用設備 > その他,###TOTO【TSF290B1D】フラッシュバルブ配管セット 再生水仕様 受注生産,TOTOおすすめ品\大便器用関連器具,"<font size=""4"" color=""#ff00ff""><b>受注生産品</b>(納期約3週間)</font><br><br>
<font size=""4"" color=""""><b>※こちらの商品はご入金確認後のお手配です。代引きでのお取り扱いはできません。</b></font><br><br>
<br><br>
<br><font size=""4""><b>※商品画像は代表型番のイメージです。型番通りのお手配になります。（色・形）等、確認の上ご注文下さい。</b></font><br><!--
<br>
<img src=""http://image.rakuten.co.jp/ii-sakura/cabinet/img59761114.jpg"" border=""0""><br>
-->
<br>
<img src=""http://image.rakuten.co.jp/ii-sakura/cabinet/youki8/sakura-meker.jpg"" border=""0""><br>
<br>
<br>
</p>",###TOTO【TSF290B1D】フラッシュバルブ配管セット 再生水仕様 受注生産：あいあいショップさくら,###TOTO【TSF290B1D】フラッシュバルブ配管セット 再生水仕様 受注生産,TOTOおすすめ品\大便器用関連器具。###TOTO【TSF290B1D】フラッシュバルブ配管セット 再生水仕様 受注生産[rn]
9-95804,http://tshop.r10s.jp/ii-sakura/cabinet/youki4/tev15u.jpg?fitin=700:700,99366.4000,,花・ガーデン・DIY > 住宅建材・設備 > トイレ用設備 > その他,TOTO CS464・465系専用給水金具【TEV15U】オートクリーンC コンビネーションタイプ 埋め込みタイプ 左給水 水道水 大小切り替え洗浄・自動洗浄なし,TOTOおすすめ品\大便器用関連器具,"※※スイッチユニット有線タイプが別途必要です。<br>
無線スイッチタイプとセットしたい場合は、電波受信ユニットが別途必要です。埋込タイプには使用できません。<br>
 ・ボックス付き<br><!--
<br>
<img src=""http://image.rakuten.co.jp/ii-sakura/cabinet/img59761114.jpg"" border=""0""><br>
-->
<br>
<img src=""http://image.rakuten.co.jp/ii-sakura/cabinet/youki8/sakura-meker.jpg"" border=""0""><br>
<br>
<br>
</p>",TOTO CS464・465系専用給水金具【TEV15U】オートクリーンC コンビネーションタイプ 埋め込みタイプ 左給水 水道水 大小切り替え洗浄・自動洗浄なし：あいあいショップさくら,TOTO CS464・465系専用給水金具【TEV15U】オートクリーンC コンビネーションタイプ 埋め込みタイプ 左給水 水道水 大小切り替え洗浄・自動洗浄なし,TOTOおすすめ品\大便器用関連器具。TOTO CS464・465系専用給水金具【TEV15U】オートクリーンC コンビネーションタイプ 埋め込みタイプ 左給水 水道水 大小切り替え洗浄・自動洗浄なし[rn]
9-95805,http://tshop.r10s.jp/ii-sakura/cabinet/fukuchi2/tefv80e.jpg?fitin=700:700,86572.0000,,花・ガーデン・DIY > 住宅建材・設備 > トイレ用設備 > その他,###TOTO 給水金具【TEFV80E】自動フラッシュバルブ ウォシュレット連動タイプ オートクリーンC 露出タイプ  再生水 受注生産,TOTOおすすめ品\大便器用関連器具,"<font size=""4"" color=""#ff00ff""><b>受注生産品</b>(納期約3週間)</font><br><br>
<font size=""4"" color=""""><b>※こちらの商品はご入金確認後のお手配です。代引きでのお取り扱いはできません。</b></font><br><br>
<br><b>※便器標準洗浄水量が8L(大)以上の大便器・汚物流し用。</b><br>
<br><b>※対象の大便器をご確認ください。</b><br><br><br>
<br><font size=""4""><b>※商品画像は代表型番のイメージです。型番通りのお手配になります。（色・形）等、確認の上ご注文下さい。</b></font><br><!--
<br>
<img src=""http://image.rakuten.co.jp/ii-sakura/cabinet/img59761114.jpg"" border=""0""><br>
-->
<br>
<img src=""http://image.rakuten.co.jp/ii-sakura/cabinet/youki8/sakura-meker.jpg"" border=""0""><br>
<br>
<br>
</p>",###TOTO 給水金具【TEFV80E】自動フラッシュバルブ ウォシュレット連動タイプ オートクリーンC 露出タイプ  再生水 受注生産：あいあいショップさくら,###TOTO 給水金具【TEFV80E】自動フラッシュバルブ ウォシュレット連動タイプ オートクリーンC 露出タイプ  再生水 受注生産,TOTOおすすめ品\大便器用関連器具。###TOTO 給水金具【TEFV80E】自動フラッシュバルブ ウォシュレット連動タイプ オートクリーンC 露出タイプ  再生水 受注生産[rn]
9-95806,http://tshop.r10s.jp/ii-sakura/cabinet/youki4/tefv85uh.jpg?fitin=700:700,147743.2000,,花・ガーデン・DIY > 住宅建材・設備 > トイレ用設備 > その他,TOTO【TEFV85UH】自動バルブユニット 再生水仕様 左給水,TOTOおすすめ品\大便器用関連器具,"●画像はイメージ画像となります。ご注文の際は、型番、色、寸法等お確かめの上ご注文ください。 <br><!--
<br>
<img src=""http://image.rakuten.co.jp/ii-sakura/cabinet/img59761114.jpg"" border=""0""><br>
-->
<br>
<img src=""http://image.rakuten.co.jp/ii-sakura/cabinet/youki8/sakura-meker.jpg"" border=""0""><br>
<br>
<br>
</p>",TOTO【TEFV85UH】自動バルブユニット 再生水仕様 左給水：あいあいショップさくら,TOTO【TEFV85UH】自動バルブユニット 再生水仕様 左給水,TOTOおすすめ品\大便器用関連器具。TOTO【TEFV85UH】自動バルブユニット 再生水仕様 左給水[rn]
9-95807,http://tshop.r10s.jp/ii-sakura/cabinet/fukuchi2/tev45u.jpg?fitin=700:700,143077.6000,,花・ガーデン・DIY > 住宅建材・設備 > トイレ用設備 > その他,###TOTO CS494系専用給水金具【TEV45U】オートクリーンC コンビネーションタイプ 埋め込みタイプ 左給水 再生水 大小切り替え洗浄・自動洗浄なし 受注生産,TOTOおすすめ品\大便器用関連器具,"<font size=""4"" color=""#ff00ff""><b>受注生産品</b>(納期約3週間)</font><br><br>
<font size=""4"" color=""""><b>※こちらの商品はご入金確認後のお手配です。代引きでのお取り扱いはできません。</b></font><br><br>
<br><b>※コンビネーションタイプはスイッチユニットが別途必要です。</b><br><br><br>
<br><font size=""4""><b>※商品画像は代表型番のイメージです。型番通りのお手配になります。（色・形）等、確認の上ご注文下さい。</b></font><br><!--
<br>
<img src=""http://image.rakuten.co.jp/ii-sakura/cabinet/img59761114.jpg"" border=""0""><br>
-->
<br>
<img src=""http://image.rakuten.co.jp/ii-sakura/cabinet/youki8/sakura-meker.jpg"" border=""0""><br>
<br>
<br>
</p>",###TOTO CS494系専用給水金具【TEV45U】オートクリーンC コンビネーションタイプ 埋め込みタイプ 左給水 再生水 大小切り替え洗浄・自動洗浄なし 受注生産：あいあいショップさくら,###TOTO CS494系専用給水金具【TEV45U】オートクリーンC コンビネーションタイプ 埋め込みタイプ 左給水 再生水 大小切り替え洗浄・自動洗浄なし 受注生産,TOTOおすすめ品\大便器用関連器具。###TOTO CS494系専用給水金具【TEV45U】オートクリーンC コンビネーションタイプ 埋め込みタイプ 左給水 再生水 大小切り替え洗浄・自動洗浄なし 受注生産[rn]
9-95808,http://tshop.r10s.jp/ii-sakura/cabinet/youki4/tefv80uh.jpg?fitin=700:700,94348.0000,,花・ガーデン・DIY > 住宅建材・設備 > トイレ用設備 > その他,TOTO【TEFV80UH】自動バルブユニット 再生水仕様,TOTOおすすめ品\大便器用関連器具,"●画像はイメージ画像となります。ご注文の際は、型番、色、寸法等お確かめの上ご注文ください。 <br><!--
<br>
<img src=""http://image.rakuten.co.jp/ii-sakura/cabinet/img59761114.jpg"" border=""0""><br>
-->
<br>
<img src=""http://image.rakuten.co.jp/ii-sakura/cabinet/youki8/sakura-meker.jpg"" border=""0""><br>
<br>
<br>
</p>",TOTO【TEFV80UH】自動バルブユニット 再生水仕様：あいあいショップさくら,TOTO【TEFV80UH】自動バルブユニット 再生水仕様,TOTOおすすめ品\大便器用関連器具。TOTO【TEFV80UH】自動バルブユニット 再生水仕様[rn]
9-95809,http://tshop.r10s.jp/ii-sakura/cabinet/youki4/tefv70uh.jpg?fitin=700:700,62639.2000,,花・ガーデン・DIY > 住宅建材・設備 > トイレ用設備 > その他,TOTO【TEFV70UH】自動バルブユニット 標準品,TOTOおすすめ品\大便器用関連器具,"●画像はイメージ画像となります。ご注文の際は、型番、色、寸法等お確かめの上ご注文ください。 <br><!--
<br>
<img src=""http://image.rakuten.co.jp/ii-sakura/cabinet/img59761114.jpg"" border=""0""><br>
-->
<br>
<img src=""http://image.rakuten.co.jp/ii-sakura/cabinet/youki8/sakura-meker.jpg"" border=""0""><br>
<br>
<br>
</p>",TOTO【TEFV70UH】自動バルブユニット 標準品：あいあいショップさくら,TOTO【TEFV70UH】自動バルブユニット 標準品,TOTOおすすめ品\大便器用関連器具。TOTO【TEFV70UH】自動バルブユニット 標準品[rn]
9-95810,http://tshop.r10s.jp/ii-sakura/cabinet/01119730/ts40-r1.jpg?fitin=700:700,554.4000,,花・ガーデン・DIY > 住宅建材・設備 > トイレ用設備 > その他,TOTO 大便器用関連器具【TS40】洗浄管,,"洗浄管C14RS・C21N・C40・C40CS・C111・C425R用<!--
<br>
<img src=""http://image.rakuten.co.jp/ii-sakura/cabinet/img59761114.jpg"" border=""0""><br>
-->
<br>
<img src=""http://image.rakuten.co.jp/ii-sakura/cabinet/youki8/sakura-meker.jpg"" border=""0""><br>
<br>
<br>
</p>",TOTO 大便器用関連器具【TS40】洗浄管：あいあいショップさくら,TOTO 大便器用関連器具【TS40】洗浄管,TOTO 大便器用関連器具【TS40】洗浄管[rn]
9-95811,http://tshop.r10s.jp/ii-sakura/cabinet/youki4/tev35u.jpg?fitin=700:700,99366.4000,,花・ガーデン・DIY > 住宅建材・設備 > トイレ用設備 > その他,TOTO CS494系専用給水金具【TEV35U】オートクリーンC コンビネーションタイプ 埋め込みタイプ 左給水 水道水 大小切り替え洗浄・自動洗浄なし,TOTOおすすめ品\大便器用関連器具,"※※スイッチユニット有線タイプが別途必要です。<br>
無線スイッチタイプとセットしたい場合は、電波受信ユニットが別途必要です。埋込タイプには使用できません。<br>
 ・ボックス付き<br><!--
<br>
<img src=""http://image.rakuten.co.jp/ii-sakura/cabinet/img59761114.jpg"" border=""0""><br>
-->
<br>
<img src=""http://image.rakuten.co.jp/ii-sakura/cabinet/youki8/sakura-meker.jpg"" border=""0""><br>
<br>
<br>
</p>",TOTO CS494系専用給水金具【TEV35U】オートクリーンC コンビネーションタイプ 埋め込みタイプ 左給水 水道水 大小切り替え洗浄・自動洗浄なし：あいあいショップさくら,TOTO CS494系専用給水金具【TEV35U】オートクリーンC コンビネーションタイプ 埋め込みタイプ 左給水 水道水 大小切り替え洗浄・自動洗浄なし,TOTOおすすめ品\大便器用関連器具。TOTO CS494系専用給水金具【TEV35U】オートクリーンC コンビネーションタイプ 埋め込みタイプ 左給水 水道水 大小切り替え洗浄・自動洗浄なし[rn]
9-95812,http://tshop.r10s.jp/ii-sakura/cabinet/youki4/tev20ec.jpg?fitin=700:700,83339.2000,,花・ガーデン・DIY > 住宅建材・設備 > トイレ用設備 > その他,TOTO CS464・465系専用給水金具【TEV20EC】オートクリーンC ウォシュレット連動タイプ 床給水 再生水,TOTOおすすめ品\大便器用関連器具,"※※スイッチユニット有線タイプが別途必要です。<br>
無線スイッチタイプとセットしたい場合は、電波受信ユニットが別途必要です。埋込タイプには使用できません。<br>※右給水・左給水に対応できます<br><!--
<br>
<img src=""http://image.rakuten.co.jp/ii-sakura/cabinet/img59761114.jpg"" border=""0""><br>
-->
<br>
<img src=""http://image.rakuten.co.jp/ii-sakura/cabinet/youki8/sakura-meker.jpg"" border=""0""><br>
<br>
<br>
</p>",TOTO CS464・465系専用給水金具【TEV20EC】オートクリーンC ウォシュレット連動タイプ 床給水 再生水：あいあいショップさくら,TOTO CS464・465系専用給水金具【TEV20EC】オートクリーンC ウォシュレット連動タイプ 床給水 再生水,TOTOおすすめ品\大便器用関連器具。TOTO CS464・465系専用給水金具【TEV20EC】オートクリーンC ウォシュレット連動タイプ 床給水 再生水[rn]
9-95813,http://tshop.r10s.jp/ii-sakura/cabinet/youki4/tefv70ec.jpg?fitin=700:700,57023.2000,,花・ガーデン・DIY > 住宅建材・設備 > トイレ用設備 > その他,TOTO【TEFV70EC】自動バルブユニット 標準品,TOTOおすすめ品\大便器用関連器具,"●画像はイメージ画像となります。ご注文の際は、型番、色、寸法等お確かめの上ご注文ください。 <br><!--
<br>
<img src=""http://image.rakuten.co.jp/ii-sakura/cabinet/img59761114.jpg"" border=""0""><br>
-->
<br>
<img src=""http://image.rakuten.co.jp/ii-sakura/cabinet/youki8/sakura-meker.jpg"" border=""0""><br>
<br>
<br>
</p>",TOTO【TEFV70EC】自動バルブユニット 標準品：あいあいショップさくら,TOTO【TEFV70EC】自動バルブユニット 標準品,TOTOおすすめ品\大便器用関連器具。TOTO【TEFV70EC】自動バルブユニット 標準品[rn]
9-95814,http://tshop.r10s.jp/ii-sakura/cabinet/youki4/tefv70uc.jpg?fitin=700:700,55986.4000,,花・ガーデン・DIY > 住宅建材・設備 > トイレ用設備 > その他,TOTO【TEFV70UC】自動バルブユニット 標準品,TOTOおすすめ品\大便器用関連器具,"●画像はイメージ画像となります。ご注文の際は、型番、色、寸法等お確かめの上ご注文ください。 <br><!--
<br>
<img src=""http://image.rakuten.co.jp/ii-sakura/cabinet/img59761114.jpg"" border=""0""><br>
-->
<br>
<img src=""http://image.rakuten.co.jp/ii-sakura/cabinet/youki8/sakura-meker.jpg"" border=""0""><br>
<br>
<br>
</p>",TOTO【TEFV70UC】自動バルブユニット 標準品：あいあいショップさくら,TOTO【TEFV70UC】自動バルブユニット 標準品,TOTOおすすめ品\大便器用関連器具。TOTO【TEFV70UC】自動バルブユニット 標準品[rn]
9-95815,http://tshop.r10s.jp/ii-sakura/cabinet/youki4/he30jk.jpg?fitin=700:700,11632.0000,,花・ガーデン・DIY > 住宅建材・設備 > トイレ用設備 > その他,TOTO リモコン便器洗浄ユニット(操作系JIS対応品)【HE20JK】受信ユニット付き,TOTOおすすめ品\大便器用関連器具,"●浴室など水がかかったり湿気の多い場所には設置しないでください<br>感電や故障の原因となります<br>
●水での丸洗いはしないでください<br>
●電源は交流100Ｖを使用してください。<br>
リモコンカラー：ホワイトのみ<br>
※右レバー専用品です<br><!--
<br>
<img src=""http://image.rakuten.co.jp/ii-sakura/cabinet/img59761114.jpg"" border=""0""><br>
-->
<br>
<img src=""http://image.rakuten.co.jp/ii-sakura/cabinet/youki8/sakura-meker.jpg"" border=""0""><br>
<br>
<br>
</p>",TOTO リモコン便器洗浄ユニット(操作系JIS対応品)【HE20JK】受信ユニット付き：あいあいショップさくら,TOTO リモコン便器洗浄ユニット(操作系JIS対応品)【HE20JK】受信ユニット付き,TOTOおすすめ品\大便器用関連器具。TOTO リモコン便器洗浄ユニット(操作系JIS対応品)【HE20JK】受信ユニット付き[rn]
9-95816,http://tshop.r10s.jp/ii-sakura/cabinet/youki4/he30jk.jpg?fitin=700:700,11632.0000,,花・ガーデン・DIY > 住宅建材・設備 > トイレ用設備 > その他,TOTO リモコン便器洗浄ユニット(操作系JIS対応品)【HE30JK】受信ユニット付き,TOTOおすすめ品\大便器用関連器具,"●浴室など水がかかったり湿気の多い場所には設置しないでください<br>感電や故障の原因となります<br>
●水での丸洗いはしないでください<br>
●電源は交流100Ｖを使用してください。<br>
リモコンカラー：ホワイトのみ<br>
※右レバー専用品です<br><!--
<br>
<img src=""http://image.rakuten.co.jp/ii-sakura/cabinet/img59761114.jpg"" border=""0""><br>
-->
<br>
<img src=""http://image.rakuten.co.jp/ii-sakura/cabinet/youki8/sakura-meker.jpg"" border=""0""><br>
<br>
<br>
</p>",TOTO リモコン便器洗浄ユニット(操作系JIS対応品)【HE30JK】受信ユニット付き：あいあいショップさくら,TOTO リモコン便器洗浄ユニット(操作系JIS対応品)【HE30JK】受信ユニット付き,TOTOおすすめ品\大便器用関連器具。TOTO リモコン便器洗浄ユニット(操作系JIS対応品)【HE30JK】受信ユニット付き[rn]
9-95817,http://tshop.r10s.jp/ii-sakura/cabinet/fukuchi2/tev25u.jpg?fitin=700:700,143077.6000,,花・ガーデン・DIY > 住宅建材・設備 > トイレ用設備 > その他,###TOTO CS464・CS465系専用給水金具【TEV25U】オートクリーンC コンビネーションタイプ 大小切り替え洗浄・自動洗浄なし 受注生産,TOTOおすすめ品\大便器用関連器具,"<font size=""4"" color=""#ff00ff""><b>受注生産品</b>(納期約3週間)</font><br><br>
<font size=""4"" color=""""><b>※こちらの商品はご入金確認後のお手配です。代引きでのお取り扱いはできません。</b></font><br><br>
<br><b>※コンビネーションタイプはスイッチユニットが別途必要です。</b><br>
<br><b>埋め込みタイプ 左給水 再生水</b><br><br><br>
<br><font size=""4""><b>※商品画像は代表型番のイメージです。型番通りのお手配になります。（色・形）等、確認の上ご注文下さい。</b></font><br><!--
<br>
<img src=""http://image.rakuten.co.jp/ii-sakura/cabinet/img59761114.jpg"" border=""0""><br>
-->
<br>
<img src=""http://image.rakuten.co.jp/ii-sakura/cabinet/youki8/sakura-meker.jpg"" border=""0""><br>
<br>
<br>
</p>",###TOTO CS464・CS465系専用給水金具【TEV25U】オートクリーンC コンビネーションタイプ 大小切り替え洗浄・自動洗浄なし 受注生産：あいあいショップさくら,###TOTO CS464・CS465系専用給水金具【TEV25U】オートクリーンC コンビネーションタイプ 大小切り替え洗浄・自動洗浄なし 受注生産,TOTOおすすめ品\大便器用関連器具。###TOTO CS464・CS465系専用給水金具【TEV25U】オートクリーンC コンビネーションタイプ 大小切り替え洗浄・自動洗浄なし 受注生産[rn]
9-95818,http://tshop.r10s.jp/ii-sakura/cabinet/youki4/he30jk.jpg?fitin=700:700,11632.0000,,花・ガーデン・DIY > 住宅建材・設備 > トイレ用設備 > その他,TOTO リモコン便器洗浄ユニット(操作系JIS対応品)【HE10JK】受信ユニット付き,TOTOおすすめ品\大便器用関連器具,"●浴室など水がかかったり湿気の多い場所には設置しないでください<br>感電や故障の原因となります<br>
●水での丸洗いはしないでください<br>
●電源は交流100Ｖを使用してください。<br>
リモコンカラー：ホワイトのみ<br>
※右レバー専用品です<br><!--
<br>
<img src=""http://image.rakuten.co.jp/ii-sakura/cabinet/img59761114.jpg"" border=""0""><br>
-->
<br>
<img src=""http://image.rakuten.co.jp/ii-sakura/cabinet/youki8/sakura-meker.jpg"" border=""0""><br>
<br>
<br>
</p>",TOTO リモコン便器洗浄ユニット(操作系JIS対応品)【HE10JK】受信ユニット付き：あいあいショップさくら,TOTO リモコン便器洗浄ユニット(操作系JIS対応品)【HE10JK】受信ユニット付き,TOTOおすすめ品\大便器用関連器具。TOTO リモコン便器洗浄ユニット(操作系JIS対応品)【HE10JK】受信ユニット付き[rn]
9-95819,http://tshop.r10s.jp/ii-sakura/cabinet/fukuchi2/tefv80uc.jpg?fitin=700:700,85535.2000,,花・ガーデン・DIY > 住宅建材・設備 > トイレ用設備 > その他,###TOTO 給水金具【TEFV80UC】自動フラッシュバルブ コンビネーションタイプ オートクリーンC 露出タイプ 床給水 再生水 受注生産,TOTOおすすめ品\大便器用関連器具,"<font size=""4"" color=""#ff00ff""><b>受注生産品</b>(納期約3週間)</font><br><br>
<font size=""4"" color=""""><b>※こちらの商品はご入金確認後のお手配です。代引きでのお取り扱いはできません。</b></font><br><br>
<br><b>※コンビネーションタイプはスイッチユニットが別途必要です。</b><br>
<br><b>※便器標準洗浄水量が8L(大)以上の大便器・汚物流し用。</b><br><br><br>
<br><font size=""4""><b>※商品画像は代表型番のイメージです。型番通りのお手配になります。（色・形）等、確認の上ご注文下さい。</b></font><br><!--
<br>
<img src=""http://image.rakuten.co.jp/ii-sakura/cabinet/img59761114.jpg"" border=""0""><br>
-->
<br>
<img src=""http://image.rakuten.co.jp/ii-sakura/cabinet/youki8/sakura-meker.jpg"" border=""0""><br>
<br>
<br>
</p>",###TOTO 給水金具【TEFV80UC】自動フラッシュバルブ コンビネーションタイプ オートクリーンC 露出タイプ 床給水 再生水 受注生産：あいあいショップさくら,###TOTO 給水金具【TEFV80UC】自動フラッシュバルブ コンビネーションタイプ オートクリーンC 露出タイプ 床給水 再生水 受注生産,TOTOおすすめ品\大便器用関連器具。###TOTO 給水金具【TEFV80UC】自動フラッシュバルブ コンビネーションタイプ オートクリーンC 露出タイプ 床給水 再生水 受注生産[rn]
9-95820,http://tshop.r10s.jp/ii-sakura/cabinet/youki6/tsf687a.jpg?fitin=700:700,8293.6000,,花・ガーデン・DIY > 住宅建材・設備 > トイレ用設備 > その他,TOTO【TSF687A】フラッシュバルブ配管セット(床給水・上給水床置大便器用),TOTOおすすめ品\大便器用関連器具,"<!--
<br>
<img src=""http://image.rakuten.co.jp/ii-sakura/cabinet/img59761114.jpg"" border=""0""><br>
-->
<br>
<img src=""http://image.rakuten.co.jp/ii-sakura/cabinet/youki8/sakura-meker.jpg"" border=""0""><br>
<br>
<br>
</p>",TOTO【TSF687A】フラッシュバルブ配管セット(床給水・上給水床置大便器用)：あいあいショップさくら,TOTO【TSF687A】フラッシュバルブ配管セット(床給水・上給水床置大便器用),TOTOおすすめ品\大便器用関連器具。TOTO【TSF687A】フラッシュバルブ配管セット(床給水・上給水床置大便器用)[rn]
9-95821,http://tshop.r10s.jp/ii-sakura/cabinet/youki4/tev10u.jpg?fitin=700:700,55406.4000,,花・ガーデン・DIY > 住宅建材・設備 > トイレ用設備 > その他,TOTO CS464・465系専用給水金具【TEV10U】オートクリーンC コンビネーションタイプ 露出タイプ 壁給水 水道水 大小切り替え洗浄・自動洗浄なし,TOTOおすすめ品\大便器用関連器具,"※※スイッチユニット有線タイプが別途必要です。<br>
無線スイッチタイプとセットしたい場合は、電波受信ユニットが別途必要です。埋込タイプには使用できません。<br>※右給水・左給水に対応できます<br><!--
<br>
<img src=""http://image.rakuten.co.jp/ii-sakura/cabinet/img59761114.jpg"" border=""0""><br>
-->
<br>
<img src=""http://image.rakuten.co.jp/ii-sakura/cabinet/youki8/sakura-meker.jpg"" border=""0""><br>
<br>
<br>
</p>",TOTO CS464・465系専用給水金具【TEV10U】オートクリーンC コンビネーションタイプ 露出タイプ 壁給水 水道水 大小切り替え洗浄・自動洗浄なし：あいあいショップさくら,TOTO CS464・465系専用給水金具【TEV10U】オートクリーンC コンビネーションタイプ 露出タイプ 壁給水 水道水 大小切り替え洗浄・自動洗浄なし,TOTOおすすめ品\大便器用関連器具。TOTO CS464・465系専用給水金具【TEV10U】オートクリーンC コンビネーションタイプ 露出タイプ 壁給水 水道水 大小切り替え洗浄・自動洗浄なし[rn]
9-95822,http://tshop.r10s.jp/ii-sakura/cabinet/youki4/tefv74m1.jpg?fitin=700:700,68514.4000,,花・ガーデン・DIY > 住宅建材・設備 > トイレ用設備 > その他,TOTO オートクリーンC(大便器洗浄システム)【TEFV74M1】既設取り替えタイプ コンビネーションタイプ(発電タイプ) 標準品,TOTOおすすめ品\大便器用関連器具,"※既設バルブの心間が120mm以外の場合は、既設取り替えタイプ用連結管が必要です<br>
※右給水、左給水に対応できます<br>
バキュームブレーカー付きです<br>
無線スイッチが別途必要です<br>有線スイッチとは組み合わせられません<br>
便ふたなしの便座とセットしてください。背もたれとのセットはできません。<br><!--
<br>
<img src=""http://image.rakuten.co.jp/ii-sakura/cabinet/img59761114.jpg"" border=""0""><br>
-->
<br>
<img src=""http://image.rakuten.co.jp/ii-sakura/cabinet/youki8/sakura-meker.jpg"" border=""0""><br>
<br>
<br>
</p>",TOTO オートクリーンC(大便器洗浄システム)【TEFV74M1】既設取り替えタイプ コンビネーションタイプ(発電タイプ) 標準品：あいあいショップさくら,TOTO オートクリーンC(大便器洗浄システム)【TEFV74M1】既設取り替えタイプ コンビネーションタイプ(発電タイプ) 標準品,TOTOおすすめ品\大便器用関連器具。TOTO オートクリーンC(大便器洗浄システム)【TEFV74M1】既設取り替えタイプ コンビネーションタイプ(発電タイプ) 標準品[rn]
9-95823,http://tshop.r10s.jp/ii-sakura/cabinet/youki4/tev10e.jpg?fitin=700:700,56320.8000,,花・ガーデン・DIY > 住宅建材・設備 > トイレ用設備 > その他,TOTO CS464・465系専用給水金具【TEV10E】オートクリーンC ウォシュレット連動タイプ 壁給水 水道水,TOTOおすすめ品\大便器用関連器具,"※※スイッチユニット有線タイプが別途必要です。<br>
無線スイッチタイプとセットしたい場合は、電波受信ユニットが別途必要です。埋込タイプには使用できません。<br>※右給水・左給水に対応できます<br><!--
<br>
<img src=""http://image.rakuten.co.jp/ii-sakura/cabinet/img59761114.jpg"" border=""0""><br>
-->
<br>
<img src=""http://image.rakuten.co.jp/ii-sakura/cabinet/youki8/sakura-meker.jpg"" border=""0""><br>
<br>
<br>
</p>",TOTO CS464・465系専用給水金具【TEV10E】オートクリーンC ウォシュレット連動タイプ 壁給水 水道水：あいあいショップさくら,TOTO CS464・465系専用給水金具【TEV10E】オートクリーンC ウォシュレット連動タイプ 壁給水 水道水,TOTOおすすめ品\大便器用関連器具。TOTO CS464・465系専用給水金具【TEV10E】オートクリーンC ウォシュレット連動タイプ 壁給水 水道水[rn]
9-95824,http://tshop.r10s.jp/ii-sakura/cabinet/youki4/tev10uh.jpg?fitin=700:700,63191.2000,,花・ガーデン・DIY > 住宅建材・設備 > トイレ用設備 > その他,TOTO CS464・465系専用給水金具【TEV10UH】オートクリーンC コンビネーションタイプ 露出タイプ 壁給水 水道水,TOTOおすすめ品\大便器用関連器具,"※※スイッチユニット有線タイプが別途必要です。<br>
無線スイッチタイプとセットしたい場合は、電波受信ユニットが別途必要です。埋込タイプには使用できません。<br>※右給水・左給水に対応できます<br><!--
<br>
<img src=""http://image.rakuten.co.jp/ii-sakura/cabinet/img59761114.jpg"" border=""0""><br>
-->
<br>
<img src=""http://image.rakuten.co.jp/ii-sakura/cabinet/youki8/sakura-meker.jpg"" border=""0""><br>
<br>
<br>
</p>",TOTO CS464・465系専用給水金具【TEV10UH】オートクリーンC コンビネーションタイプ 露出タイプ 壁給水 水道水：あいあいショップさくら,TOTO CS464・465系専用給水金具【TEV10UH】オートクリーンC コンビネーションタイプ 露出タイプ 壁給水 水道水,TOTOおすすめ品\大便器用関連器具。TOTO CS464・465系専用給水金具【TEV10UH】オートクリーンC コンビネーションタイプ 露出タイプ 壁給水 水道水[rn]
9-95825,http://tshop.r10s.jp/ii-sakura/cabinet/youki4/tefv70e.jpg?fitin=700:700,55122.4000,,花・ガーデン・DIY > 住宅建材・設備 > トイレ用設備 > その他,TOTO【TEFV70E】自動バルブユニット 標準品,TOTOおすすめ品\大便器用関連器具,"●画像はイメージ画像となります。ご注文の際は、型番、色、寸法等お確かめの上ご注文ください。 <br><!--
<br>
<img src=""http://image.rakuten.co.jp/ii-sakura/cabinet/img59761114.jpg"" border=""0""><br>
-->
<br>
<img src=""http://image.rakuten.co.jp/ii-sakura/cabinet/youki8/sakura-meker.jpg"" border=""0""><br>
<br>
<br>
</p>",TOTO【TEFV70E】自動バルブユニット 標準品：あいあいショップさくら,TOTO【TEFV70E】自動バルブユニット 標準品,TOTOおすすめ品\大便器用関連器具。TOTO【TEFV70E】自動バルブユニット 標準品[rn]
9-95826,http://tshop.r10s.jp/ii-sakura/cabinet/fukuchi2/tev20u.jpg?fitin=700:700,93311.2000,,花・ガーデン・DIY > 住宅建材・設備 > トイレ用設備 > その他,###TOTO CS464・CS465系専用給水金具【TEV20U】オートクリーンC コンビネーションタイプ 大小切り替え洗浄・自動洗浄なし 受注生産,TOTOおすすめ品\大便器用関連器具,"<font size=""4"" color=""#ff00ff""><b>受注生産品</b>(納期約3週間)</font><br><br>
<font size=""4"" color=""""><b>※こちらの商品はご入金確認後のお手配です。代引きでのお取り扱いはできません。</b></font><br><br>
<br><b>※コンビネーションタイプはスイッチユニットが別途必要です。</b><br>
<br><b>露出タイプ 壁給水 再生水</b><br><br><br>
<br><font size=""4""><b>※商品画像は代表型番のイメージです。型番通りのお手配になります。（色・形）等、確認の上ご注文下さい。</b></font><br><!--
<br>
<img src=""http://image.rakuten.co.jp/ii-sakura/cabinet/img59761114.jpg"" border=""0""><br>
-->
<br>
<img src=""http://image.rakuten.co.jp/ii-sakura/cabinet/youki8/sakura-meker.jpg"" border=""0""><br>
<br>
<br>
</p>",###TOTO CS464・CS465系専用給水金具【TEV20U】オートクリーンC コンビネーションタイプ 大小切り替え洗浄・自動洗浄なし 受注生産：あいあいショップさくら,###TOTO CS464・CS465系専用給水金具【TEV20U】オートクリーンC コンビネーションタイプ 大小切り替え洗浄・自動洗浄なし 受注生産,TOTOおすすめ品\大便器用関連器具。###TOTO CS464・CS465系専用給水金具【TEV20U】オートクリーンC コンビネーションタイプ 大小切り替え洗浄・自動洗浄なし 受注生産[rn]
9-95827,http://tshop.r10s.jp/ii-sakura/cabinet/01119730/ts40ld-r1.jpg?fitin=700:700,2316.8000,,花・ガーデン・DIY > 住宅建材・設備 > トイレ用設備 > その他,TOTO 大便器用関連器具【TS40LD】洗浄管(再生水仕様),,"<!--
<br>
<img src=""http://image.rakuten.co.jp/ii-sakura/cabinet/img59761114.jpg"" border=""0""><br>
-->
<br>
<img src=""http://image.rakuten.co.jp/ii-sakura/cabinet/youki8/sakura-meker.jpg"" border=""0""><br>
<br>
<br>
</p>",TOTO 大便器用関連器具【TS40LD】洗浄管(再生水仕様)：あいあいショップさくら,TOTO 大便器用関連器具【TS40LD】洗浄管(再生水仕様),TOTO 大便器用関連器具【TS40LD】洗浄管(再生水仕様)[rn]
9-95828,http://tshop.r10s.jp/ii-sakura/cabinet/kotomi4/tc111z.jpg?fitin=700:700,7256.8000,,花・ガーデン・DIY > 住宅建材・設備 > トイレ用設備 > その他,TOTO【TC111Z】普通便座,TOTOおすすめ品\バリアフリー器具,"<br><br><font size=""4""><b>※商品画像は代表型番のイメージです。型番通りのお手配になります。（色・形）等、確認の上ご注文下さい。</b></font><br>※便座のみのお手配です。

<br><!--
<br>
<img src=""http://image.rakuten.co.jp/ii-sakura/cabinet/img59761114.jpg"" border=""0""><br>
-->
<br>
<img src=""http://image.rakuten.co.jp/ii-sakura/cabinet/youki8/sakura-meker.jpg"" border=""0""><br>
<br>
<br>
</p>",TOTO【TC111Z】普通便座：あいあいショップさくら,TOTO【TC111Z】普通便座,TOTOおすすめ品\バリアフリー器具。TOTO【TC111Z】普通便座[rn]
